accession,length,reason,header
YCZ08715,32,non_vp35_header,YCZ08715.1 |Sequence 224 from patent US 12502424 B2
YCZ08746,21,non_vp35_header,YCZ08746.1 |Sequence 252 from patent US 12502424 B2
YCV50311,32,non_vp35_header,YCV50311.1 |Sequence 811 from patent US 12263213 B2
YCV50327,21,non_vp35_header,YCV50327.1 |Sequence 826 from patent US 12263213 B2
YCX26829,676,non_vp35_header,YCX26829.1 |Sequence 3 from patent US 12370249 B2
ARG43218,739,non_vp35_header,ARG43218.1 |nucleoprotein [Ebola virus]
ARG43220,326,non_vp35_header,ARG43220.1 |matrix protein VP40 [Ebola virus]
ARG43221,364,non_vp35_header,ARG43221.1 |small secreted glycoprotein GP: sGP [Ebola virus]
ARG43222,297,non_vp35_header,ARG43222.1 |super small secreted glycoprotein GP [Ebola virus]
ARG43223,676,non_vp35_header,ARG43223.1 |envelope glycoprotein [Ebola virus]
ARG43224,288,non_vp35_header,ARG43224.1 |minor nucleoprotein VP30 [Ebola virus]
ARG43225,251,non_vp35_header,ARG43225.1 |membrane-associated protein VP24 [Ebola virus]
ARG43226,2212,non_vp35_header,ARG43226.1 |RNA-directed RNA polymerase [Ebola virus]
ARG43227,739,non_vp35_header,ARG43227.1 |nucleoprotein [Ebola virus]
ARG43229,326,non_vp35_header,ARG43229.1 |matrix protein VP40 [Ebola virus]
ARG43230,364,non_vp35_header,ARG43230.1 |small secreted glycoprotein GP: sGP [Ebola virus]
ARG43231,297,non_vp35_header,ARG43231.1 |super small secreted glycoprotein GP [Ebola virus]
ARG43232,676,non_vp35_header,ARG43232.1 |envelope glycoprotein [Ebola virus]
ARG43233,288,non_vp35_header,ARG43233.1 |minor nucleoprotein VP30 [Ebola virus]
ARG43234,251,non_vp35_header,ARG43234.1 |membrane-associated protein VP24 [Ebola virus]
ARG43235,2212,non_vp35_header,ARG43235.1 |RNA-directed RNA polymerase [Ebola virus]
ARG43236,739,non_vp35_header,ARG43236.1 |nucleoprotein [Ebola virus]
ARG43238,326,non_vp35_header,ARG43238.1 |matrix protein VP40 [Ebola virus]
ARG43239,364,non_vp35_header,ARG43239.1 |small secreted glycoprotein GP: sGP [Ebola virus]
ARG43240,297,non_vp35_header,ARG43240.1 |super small secreted glycoprotein GP [Ebola virus]
ARG43241,676,non_vp35_header,ARG43241.1 |envelope glycoprotein [Ebola virus]
ARG43242,288,non_vp35_header,ARG43242.1 |minor nucleoprotein VP30 [Ebola virus]
ARG43243,251,non_vp35_header,ARG43243.1 |membrane-associated protein VP24 [Ebola virus]
ARG43244,2212,non_vp35_header,ARG43244.1 |RNA-directed RNA polymerase [Ebola virus]
ARG43245,739,non_vp35_header,ARG43245.1 |nucleoprotein [Ebola virus]
ARG43247,326,non_vp35_header,ARG43247.1 |matrix protein VP40 [Ebola virus]
ARG43248,364,non_vp35_header,ARG43248.1 |small secreted glycoprotein GP: sGP [Ebola virus]
ARG43249,297,non_vp35_header,ARG43249.1 |super small secreted glycoprotein GP [Ebola virus]
ARG43250,676,non_vp35_header,ARG43250.1 |envelope glycoprotein [Ebola virus]
ARG43251,288,non_vp35_header,ARG43251.1 |minor nucleoprotein VP30 [Ebola virus]
ARG43252,251,non_vp35_header,ARG43252.1 |membrane-associated protein VP24 [Ebola virus]
ARG43253,2212,non_vp35_header,ARG43253.1 |RNA-directed RNA polymerase [Ebola virus]
ARG43254,739,non_vp35_header,ARG43254.1 |nucleoprotein [Ebola virus]
ARG43256,326,non_vp35_header,ARG43256.1 |matrix protein VP40 [Ebola virus]
ARG43257,364,non_vp35_header,ARG43257.1 |small secreted glycoprotein GP: sGP [Ebola virus]
ARG43258,297,non_vp35_header,ARG43258.1 |super small secreted glycoprotein GP [Ebola virus]
ARG43259,676,non_vp35_header,ARG43259.1 |envelope glycoprotein [Ebola virus]
ARG43260,288,non_vp35_header,ARG43260.1 |minor nucleoprotein VP30 [Ebola virus]
ARG43261,251,non_vp35_header,ARG43261.1 |membrane-associated protein VP24 [Ebola virus]
ARG43262,2212,non_vp35_header,ARG43262.1 |RNA-directed RNA polymerase [Ebola virus]
ARG43263,739,non_vp35_header,ARG43263.1 |nucleoprotein [Ebola virus]
ARG43265,326,non_vp35_header,ARG43265.1 |matrix protein VP40 [Ebola virus]
ARG43266,364,non_vp35_header,ARG43266.1 |small secreted glycoprotein GP: sGP [Ebola virus]
ARG43267,297,non_vp35_header,ARG43267.1 |super small secreted glycoprotein GP [Ebola virus]
ARG43268,676,non_vp35_header,ARG43268.1 |envelope glycoprotein [Ebola virus]
ARG43269,288,non_vp35_header,ARG43269.1 |minor nucleoprotein VP30 [Ebola virus]
ARG43270,251,non_vp35_header,ARG43270.1 |membrane-associated protein VP24 [Ebola virus]
ARG43271,2212,non_vp35_header,ARG43271.1 |RNA-directed RNA polymerase [Ebola virus]
ARG43272,739,non_vp35_header,ARG43272.1 |nucleoprotein [Ebola virus]
ARG43274,326,non_vp35_header,ARG43274.1 |matrix protein VP40 [Ebola virus]
ARG43275,364,non_vp35_header,ARG43275.1 |small secreted glycoprotein GP: sGP [Ebola virus]
ARG43276,297,non_vp35_header,ARG43276.1 |super small secreted glycoprotein GP [Ebola virus]
ARG43277,676,non_vp35_header,ARG43277.1 |envelope glycoprotein [Ebola virus]
ARG43278,288,non_vp35_header,ARG43278.1 |minor nucleoprotein VP30 [Ebola virus]
ARG43279,251,non_vp35_header,ARG43279.1 |membrane-associated protein VP24 [Ebola virus]
ARG43280,2212,non_vp35_header,ARG43280.1 |RNA-directed RNA polymerase [Ebola virus]
ARG43281,739,non_vp35_header,ARG43281.1 |nucleoprotein [Ebola virus]
ARG43283,326,non_vp35_header,ARG43283.1 |matrix protein VP40 [Ebola virus]
ARG43284,364,non_vp35_header,ARG43284.1 |small secreted glycoprotein GP: sGP [Ebola virus]
ARG43285,297,non_vp35_header,ARG43285.1 |super small secreted glycoprotein GP [Ebola virus]
ARG43286,676,non_vp35_header,ARG43286.1 |envelope glycoprotein [Ebola virus]
ARG43287,288,non_vp35_header,ARG43287.1 |minor nucleoprotein VP30 [Ebola virus]
ARG43288,251,non_vp35_header,ARG43288.1 |membrane-associated protein VP24 [Ebola virus]
ARG43289,2212,non_vp35_header,ARG43289.1 |RNA-directed RNA polymerase [Ebola virus]
ARG43290,739,non_vp35_header,ARG43290.1 |nucleoprotein [Ebola virus]
ARG43292,326,non_vp35_header,ARG43292.1 |matrix protein VP40 [Ebola virus]
ARG43293,364,non_vp35_header,ARG43293.1 |small secreted glycoprotein GP: sGP [Ebola virus]
ARG43294,297,non_vp35_header,ARG43294.1 |super small secreted glycoprotein GP [Ebola virus]
ARG43295,676,non_vp35_header,ARG43295.1 |envelope glycoprotein [Ebola virus]
ARG43296,288,non_vp35_header,ARG43296.1 |minor nucleoprotein VP30 [Ebola virus]
ARG43297,251,non_vp35_header,ARG43297.1 |membrane-associated protein VP24 [Ebola virus]
ARG43298,2212,non_vp35_header,ARG43298.1 |RNA-directed RNA polymerase [Ebola virus]
ARG43299,739,non_vp35_header,ARG43299.1 |nucleoprotein [Ebola virus]
ARG43301,326,non_vp35_header,ARG43301.1 |matrix protein VP40 [Ebola virus]
ARG43302,364,non_vp35_header,ARG43302.1 |small secreted glycoprotein GP: sGP [Ebola virus]
ARG43303,297,non_vp35_header,ARG43303.1 |super small secreted glycoprotein GP [Ebola virus]
ARG43304,676,non_vp35_header,ARG43304.1 |envelope glycoprotein [Ebola virus]
ARG43305,288,non_vp35_header,ARG43305.1 |minor nucleoprotein VP30 [Ebola virus]
ARG43306,251,non_vp35_header,ARG43306.1 |membrane-associated protein VP24 [Ebola virus]
ARG43307,2212,non_vp35_header,ARG43307.1 |RNA-directed RNA polymerase [Ebola virus]
ARG43308,739,non_vp35_header,ARG43308.1 |nucleoprotein [Ebola virus]
ARG43310,326,non_vp35_header,ARG43310.1 |matrix protein VP40 [Ebola virus]
ARG43311,364,non_vp35_header,ARG43311.1 |small secreted glycoprotein GP: sGP [Ebola virus]
ARG43312,297,non_vp35_header,ARG43312.1 |super small secreted glycoprotein GP [Ebola virus]
ARG43313,676,non_vp35_header,ARG43313.1 |envelope glycoprotein [Ebola virus]
ARG43314,288,non_vp35_header,ARG43314.1 |minor nucleoprotein VP30 [Ebola virus]
ARG43315,251,non_vp35_header,ARG43315.1 |membrane-associated protein VP24 [Ebola virus]
ARG43316,2212,non_vp35_header,ARG43316.1 |RNA-directed RNA polymerase [Ebola virus]
ARG43317,739,non_vp35_header,ARG43317.1 |nucleoprotein [Ebola virus]
ARG43319,326,non_vp35_header,ARG43319.1 |matrix protein VP40 [Ebola virus]
ARG43320,364,non_vp35_header,ARG43320.1 |small secreted glycoprotein GP: sGP [Ebola virus]
ARG43321,297,non_vp35_header,ARG43321.1 |super small secreted glycoprotein GP [Ebola virus]
ARG43322,676,non_vp35_header,ARG43322.1 |envelope glycoprotein [Ebola virus]
ARG43323,288,non_vp35_header,ARG43323.1 |minor nucleoprotein VP30 [Ebola virus]
ARG43324,251,non_vp35_header,ARG43324.1 |membrane-associated protein VP24 [Ebola virus]
ARG43325,2212,non_vp35_header,ARG43325.1 |RNA-directed RNA polymerase [Ebola virus]
ARG43326,739,non_vp35_header,ARG43326.1 |nucleoprotein [Ebola virus]
ARG43328,326,non_vp35_header,ARG43328.1 |matrix protein VP40 [Ebola virus]
ARG43329,364,non_vp35_header,ARG43329.1 |small secreted glycoprotein GP: sGP [Ebola virus]
ARG43330,297,non_vp35_header,ARG43330.1 |super small secreted glycoprotein GP [Ebola virus]
ARG43331,676,non_vp35_header,ARG43331.1 |envelope glycoprotein [Ebola virus]
ARG43332,288,non_vp35_header,ARG43332.1 |minor nucleoprotein VP30 [Ebola virus]
ARG43333,251,non_vp35_header,ARG43333.1 |membrane-associated protein VP24 [Ebola virus]
ARG43334,2212,non_vp35_header,ARG43334.1 |RNA-directed RNA polymerase [Ebola virus]
ARG43335,739,non_vp35_header,ARG43335.1 |nucleoprotein [Ebola virus]
ARG43337,326,non_vp35_header,ARG43337.1 |matrix protein VP40 [Ebola virus]
ARG43338,364,non_vp35_header,ARG43338.1 |small secreted glycoprotein GP: sGP [Ebola virus]
ARG43339,297,non_vp35_header,ARG43339.1 |super small secreted glycoprotein GP [Ebola virus]
ARG43340,676,non_vp35_header,ARG43340.1 |envelope glycoprotein [Ebola virus]
ARG43341,288,non_vp35_header,ARG43341.1 |minor nucleoprotein VP30 [Ebola virus]
ARG43342,251,non_vp35_header,ARG43342.1 |membrane-associated protein VP24 [Ebola virus]
ARG43343,2212,non_vp35_header,ARG43343.1 |RNA-directed RNA polymerase [Ebola virus]
ARG43344,739,non_vp35_header,ARG43344.1 |nucleoprotein [Ebola virus]
ARG43346,326,non_vp35_header,ARG43346.1 |matrix protein VP40 [Ebola virus]
ARG43347,364,non_vp35_header,ARG43347.1 |small secreted glycoprotein GP: sGP [Ebola virus]
ARG43348,297,non_vp35_header,ARG43348.1 |super small secreted glycoprotein GP [Ebola virus]
ARG43349,676,non_vp35_header,ARG43349.1 |envelope glycoprotein [Ebola virus]
ARG43350,288,non_vp35_header,ARG43350.1 |minor nucleoprotein VP30 [Ebola virus]
ARG43351,251,non_vp35_header,ARG43351.1 |membrane-associated protein VP24 [Ebola virus]
ARG43352,2212,non_vp35_header,ARG43352.1 |RNA-directed RNA polymerase [Ebola virus]
ARG43353,739,non_vp35_header,ARG43353.1 |nucleoprotein [Ebola virus]
ARG43355,326,non_vp35_header,ARG43355.1 |matrix protein VP40 [Ebola virus]
ARG43356,364,non_vp35_header,ARG43356.1 |small secreted glycoprotein GP: sGP [Ebola virus]
ARG43357,297,non_vp35_header,ARG43357.1 |super small secreted glycoprotein GP [Ebola virus]
ARG43358,676,non_vp35_header,ARG43358.1 |envelope glycoprotein [Ebola virus]
ARG43359,288,non_vp35_header,ARG43359.1 |minor nucleoprotein VP30 [Ebola virus]
ARG43360,251,non_vp35_header,ARG43360.1 |membrane-associated protein VP24 [Ebola virus]
ARG43361,2212,non_vp35_header,ARG43361.1 |RNA-directed RNA polymerase [Ebola virus]
ARG43362,739,non_vp35_header,ARG43362.1 |nucleoprotein [Ebola virus]
ARG43364,326,non_vp35_header,ARG43364.1 |matrix protein VP40 [Ebola virus]
ARG43365,364,non_vp35_header,ARG43365.1 |small secreted glycoprotein GP: sGP [Ebola virus]
ARG43366,297,non_vp35_header,ARG43366.1 |super small secreted glycoprotein GP [Ebola virus]
ARG43367,676,non_vp35_header,ARG43367.1 |envelope glycoprotein [Ebola virus]
ARG43368,288,non_vp35_header,ARG43368.1 |minor nucleoprotein VP30 [Ebola virus]
ARG43369,251,non_vp35_header,ARG43369.1 |membrane-associated protein VP24 [Ebola virus]
ARG43370,2212,non_vp35_header,ARG43370.1 |RNA-directed RNA polymerase [Ebola virus]
ARG43371,739,non_vp35_header,ARG43371.1 |nucleoprotein [Ebola virus]
ARG43373,326,non_vp35_header,ARG43373.1 |matrix protein VP40 [Ebola virus]
ARG43374,364,non_vp35_header,ARG43374.1 |small secreted glycoprotein GP: sGP [Ebola virus]
ARG43375,297,non_vp35_header,ARG43375.1 |super small secreted glycoprotein GP [Ebola virus]
ARG43376,676,non_vp35_header,ARG43376.1 |envelope glycoprotein [Ebola virus]
ARG43377,288,non_vp35_header,ARG43377.1 |minor nucleoprotein VP30 [Ebola virus]
ARG43378,251,non_vp35_header,ARG43378.1 |membrane-associated protein VP24 [Ebola virus]
ARG43379,2212,non_vp35_header,ARG43379.1 |RNA-directed RNA polymerase [Ebola virus]
ARG43380,739,non_vp35_header,ARG43380.1 |nucleoprotein [Ebola virus]
ARG43382,326,non_vp35_header,ARG43382.1 |matrix protein VP40 [Ebola virus]
ARG43383,364,non_vp35_header,ARG43383.1 |small secreted glycoprotein GP: sGP [Ebola virus]
ARG43384,297,non_vp35_header,ARG43384.1 |super small secreted glycoprotein GP [Ebola virus]
ARG43385,676,non_vp35_header,ARG43385.1 |envelope glycoprotein [Ebola virus]
ARG43386,288,non_vp35_header,ARG43386.1 |minor nucleoprotein VP30 [Ebola virus]
ARG43387,251,non_vp35_header,ARG43387.1 |membrane-associated protein VP24 [Ebola virus]
ARG43388,2212,non_vp35_header,ARG43388.1 |RNA-directed RNA polymerase [Ebola virus]
ARG43389,739,non_vp35_header,ARG43389.1 |nucleoprotein [Ebola virus]
ARG43391,326,non_vp35_header,ARG43391.1 |matrix protein VP40 [Ebola virus]
ARG43392,364,non_vp35_header,ARG43392.1 |small secreted glycoprotein GP: sGP [Ebola virus]
ARG43393,297,non_vp35_header,ARG43393.1 |super small secreted glycoprotein GP [Ebola virus]
ARG43394,676,non_vp35_header,ARG43394.1 |envelope glycoprotein [Ebola virus]
ARG43395,288,non_vp35_header,ARG43395.1 |minor nucleoprotein VP30 [Ebola virus]
ARG43396,251,non_vp35_header,ARG43396.1 |membrane-associated protein VP24 [Ebola virus]
ARG43397,2212,non_vp35_header,ARG43397.1 |RNA-directed RNA polymerase [Ebola virus]
ARG43398,739,non_vp35_header,ARG43398.1 |nucleoprotein [Ebola virus]
ARG43400,326,non_vp35_header,ARG43400.1 |matrix protein VP40 [Ebola virus]
ARG43401,364,non_vp35_header,ARG43401.1 |small secreted glycoprotein GP: sGP [Ebola virus]
ARG43402,297,non_vp35_header,ARG43402.1 |super small secreted glycoprotein GP [Ebola virus]
ARG43403,676,non_vp35_header,ARG43403.1 |envelope glycoprotein [Ebola virus]
ARG43404,288,non_vp35_header,ARG43404.1 |minor nucleoprotein VP30 [Ebola virus]
ARG43405,251,non_vp35_header,ARG43405.1 |membrane-associated protein VP24 [Ebola virus]
ARG43406,2212,non_vp35_header,ARG43406.1 |RNA-directed RNA polymerase [Ebola virus]
ARG43407,739,non_vp35_header,ARG43407.1 |nucleoprotein [Ebola virus]
ARG43409,326,non_vp35_header,ARG43409.1 |matrix protein VP40 [Ebola virus]
ARG43410,364,non_vp35_header,ARG43410.1 |small secreted glycoprotein GP: sGP [Ebola virus]
ARG43411,297,non_vp35_header,ARG43411.1 |super small secreted glycoprotein GP [Ebola virus]
ARG43412,676,non_vp35_header,ARG43412.1 |envelope glycoprotein [Ebola virus]
ARG43413,288,non_vp35_header,ARG43413.1 |minor nucleoprotein VP30 [Ebola virus]
ARG43414,251,non_vp35_header,ARG43414.1 |membrane-associated protein VP24 [Ebola virus]
ARG43415,2212,non_vp35_header,ARG43415.1 |RNA-directed RNA polymerase [Ebola virus]
ARG43416,739,non_vp35_header,ARG43416.1 |nucleoprotein [Ebola virus]
ARG43418,326,non_vp35_header,ARG43418.1 |matrix protein VP40 [Ebola virus]
ARG43419,364,non_vp35_header,ARG43419.1 |small secreted glycoprotein GP: sGP [Ebola virus]
ARG43420,297,non_vp35_header,ARG43420.1 |super small secreted glycoprotein GP [Ebola virus]
ARG43421,676,non_vp35_header,ARG43421.1 |envelope glycoprotein [Ebola virus]
ARG43422,288,non_vp35_header,ARG43422.1 |minor nucleoprotein VP30 [Ebola virus]
ARG43423,251,non_vp35_header,ARG43423.1 |membrane-associated protein VP24 [Ebola virus]
ARG43424,2212,non_vp35_header,ARG43424.1 |RNA-directed RNA polymerase [Ebola virus]
ARG43425,739,non_vp35_header,ARG43425.1 |nucleoprotein [Ebola virus]
ARG43427,326,non_vp35_header,ARG43427.1 |matrix protein VP40 [Ebola virus]
ARG43428,364,non_vp35_header,ARG43428.1 |small secreted glycoprotein GP: sGP [Ebola virus]
ARG43429,297,non_vp35_header,ARG43429.1 |super small secreted glycoprotein GP [Ebola virus]
ARG43430,676,non_vp35_header,ARG43430.1 |envelope glycoprotein [Ebola virus]
ARG43431,288,non_vp35_header,ARG43431.1 |minor nucleoprotein VP30 [Ebola virus]
ARG43432,251,non_vp35_header,ARG43432.1 |membrane-associated protein VP24 [Ebola virus]
ARG43433,2212,non_vp35_header,ARG43433.1 |RNA-directed RNA polymerase [Ebola virus]
ARG43434,739,non_vp35_header,ARG43434.1 |nucleoprotein [Ebola virus]
ARG43436,326,non_vp35_header,ARG43436.1 |matrix protein VP40 [Ebola virus]
ARG43437,364,non_vp35_header,ARG43437.1 |small secreted glycoprotein GP: sGP [Ebola virus]
ARG43438,297,non_vp35_header,ARG43438.1 |super small secreted glycoprotein GP [Ebola virus]
ARG43439,676,non_vp35_header,ARG43439.1 |envelope glycoprotein [Ebola virus]
ARG43440,288,non_vp35_header,ARG43440.1 |minor nucleoprotein VP30 [Ebola virus]
ARG43441,251,non_vp35_header,ARG43441.1 |membrane-associated protein VP24 [Ebola virus]
ARG43442,2212,non_vp35_header,ARG43442.1 |RNA-directed RNA polymerase [Ebola virus]
ARG43443,739,non_vp35_header,ARG43443.1 |nucleoprotein [Ebola virus]
ARG43445,326,non_vp35_header,ARG43445.1 |matrix protein VP40 [Ebola virus]
ARG43446,364,non_vp35_header,ARG43446.1 |small secreted glycoprotein GP: sGP [Ebola virus]
ARG43447,297,non_vp35_header,ARG43447.1 |super small secreted glycoprotein GP [Ebola virus]
ARG43448,676,non_vp35_header,ARG43448.1 |envelope glycoprotein [Ebola virus]
ARG43449,288,non_vp35_header,ARG43449.1 |minor nucleoprotein VP30 [Ebola virus]
ARG43450,251,non_vp35_header,ARG43450.1 |membrane-associated protein VP24 [Ebola virus]
ARG43451,2212,non_vp35_header,ARG43451.1 |RNA-directed RNA polymerase [Ebola virus]
ARG43452,739,non_vp35_header,ARG43452.1 |nucleoprotein [Ebola virus]
ARG43454,326,non_vp35_header,ARG43454.1 |matrix protein VP40 [Ebola virus]
ARG43455,364,non_vp35_header,ARG43455.1 |small secreted glycoprotein GP: sGP [Ebola virus]
ARG43456,297,non_vp35_header,ARG43456.1 |super small secreted glycoprotein GP [Ebola virus]
ARG43457,676,non_vp35_header,ARG43457.1 |envelope glycoprotein [Ebola virus]
ARG43458,288,non_vp35_header,ARG43458.1 |minor nucleoprotein VP30 [Ebola virus]
ARG43459,251,non_vp35_header,ARG43459.1 |membrane-associated protein VP24 [Ebola virus]
ARG43460,2212,non_vp35_header,ARG43460.1 |RNA-directed RNA polymerase [Ebola virus]
ARG43461,739,non_vp35_header,ARG43461.1 |nucleoprotein [Ebola virus]
ARG43463,326,non_vp35_header,ARG43463.1 |matrix protein VP40 [Ebola virus]
ARG43464,364,non_vp35_header,ARG43464.1 |small secreted glycoprotein GP: sGP [Ebola virus]
ARG43465,297,non_vp35_header,ARG43465.1 |super small secreted glycoprotein GP [Ebola virus]
ARG43466,676,non_vp35_header,ARG43466.1 |envelope glycoprotein [Ebola virus]
ARG43467,288,non_vp35_header,ARG43467.1 |minor nucleoprotein VP30 [Ebola virus]
ARG43468,251,non_vp35_header,ARG43468.1 |membrane-associated protein VP24 [Ebola virus]
ARG43469,2212,non_vp35_header,ARG43469.1 |RNA-directed RNA polymerase [Ebola virus]
ARG43470,739,non_vp35_header,ARG43470.1 |nucleoprotein [Ebola virus]
ARG43472,326,non_vp35_header,ARG43472.1 |matrix protein VP40 [Ebola virus]
ARG43473,364,non_vp35_header,ARG43473.1 |small secreted glycoprotein GP: sGP [Ebola virus]
ARG43474,297,non_vp35_header,ARG43474.1 |super small secreted glycoprotein GP [Ebola virus]
ARG43475,676,non_vp35_header,ARG43475.1 |envelope glycoprotein [Ebola virus]
ARG43476,288,non_vp35_header,ARG43476.1 |minor nucleoprotein VP30 [Ebola virus]
ARG43477,251,non_vp35_header,ARG43477.1 |membrane-associated protein VP24 [Ebola virus]
ARG43478,2212,non_vp35_header,ARG43478.1 |RNA-directed RNA polymerase [Ebola virus]
ARG43479,739,non_vp35_header,ARG43479.1 |nucleoprotein [Ebola virus]
ARG43481,326,non_vp35_header,ARG43481.1 |matrix protein VP40 [Ebola virus]
ARG43482,364,non_vp35_header,ARG43482.1 |small secreted glycoprotein GP: sGP [Ebola virus]
ARG43483,297,non_vp35_header,ARG43483.1 |super small secreted glycoprotein GP [Ebola virus]
ARG43484,676,non_vp35_header,ARG43484.1 |envelope glycoprotein [Ebola virus]
ARG43485,288,non_vp35_header,ARG43485.1 |minor nucleoprotein VP30 [Ebola virus]
ARG43486,251,non_vp35_header,ARG43486.1 |membrane-associated protein VP24 [Ebola virus]
ARG43487,2212,non_vp35_header,ARG43487.1 |RNA-directed RNA polymerase [Ebola virus]
ARG43488,739,non_vp35_header,ARG43488.1 |nucleoprotein [Ebola virus]
ARG43490,326,non_vp35_header,ARG43490.1 |matrix protein VP40 [Ebola virus]
ARG43491,364,non_vp35_header,ARG43491.1 |small secreted glycoprotein GP: sGP [Ebola virus]
ARG43492,297,non_vp35_header,ARG43492.1 |super small secreted glycoprotein GP [Ebola virus]
ARG43493,676,non_vp35_header,ARG43493.1 |envelope glycoprotein [Ebola virus]
ARG43494,288,non_vp35_header,ARG43494.1 |minor nucleoprotein VP30 [Ebola virus]
ARG43495,251,non_vp35_header,ARG43495.1 |membrane-associated protein VP24 [Ebola virus]
ARG43496,2212,non_vp35_header,ARG43496.1 |RNA-directed RNA polymerase [Ebola virus]
ARG43497,739,non_vp35_header,ARG43497.1 |nucleoprotein [Ebola virus]
ARG43499,326,non_vp35_header,ARG43499.1 |matrix protein VP40 [Ebola virus]
ARG43500,364,non_vp35_header,ARG43500.1 |small secreted glycoprotein GP: sGP [Ebola virus]
ARG43501,297,non_vp35_header,ARG43501.1 |super small secreted glycoprotein GP [Ebola virus]
ARG43502,676,non_vp35_header,ARG43502.1 |envelope glycoprotein [Ebola virus]
ARG43503,288,non_vp35_header,ARG43503.1 |minor nucleoprotein VP30 [Ebola virus]
ARG43504,251,non_vp35_header,ARG43504.1 |membrane-associated protein VP24 [Ebola virus]
ARG43505,2212,non_vp35_header,ARG43505.1 |RNA-directed RNA polymerase [Ebola virus]
ARG43506,739,non_vp35_header,ARG43506.1 |nucleoprotein [Ebola virus]
ARG43508,326,non_vp35_header,ARG43508.1 |matrix protein VP40 [Ebola virus]
ARG43509,364,non_vp35_header,ARG43509.1 |small secreted glycoprotein GP: sGP [Ebola virus]
ARG43510,297,non_vp35_header,ARG43510.1 |super small secreted glycoprotein GP [Ebola virus]
ARG43511,676,non_vp35_header,ARG43511.1 |envelope glycoprotein [Ebola virus]
ARG43512,288,non_vp35_header,ARG43512.1 |minor nucleoprotein VP30 [Ebola virus]
ARG43513,251,non_vp35_header,ARG43513.1 |membrane-associated protein VP24 [Ebola virus]
ARG43514,2212,non_vp35_header,ARG43514.1 |RNA-directed RNA polymerase [Ebola virus]
ARG43515,739,non_vp35_header,ARG43515.1 |nucleoprotein [Ebola virus]
ARG43517,326,non_vp35_header,ARG43517.1 |matrix protein VP40 [Ebola virus]
ARG43518,364,non_vp35_header,ARG43518.1 |small secreted glycoprotein GP: sGP [Ebola virus]
ARG43519,297,non_vp35_header,ARG43519.1 |super small secreted glycoprotein GP [Ebola virus]
ARG43520,676,non_vp35_header,ARG43520.1 |envelope glycoprotein [Ebola virus]
ARG43521,288,non_vp35_header,ARG43521.1 |minor nucleoprotein VP30 [Ebola virus]
ARG43522,251,non_vp35_header,ARG43522.1 |membrane-associated protein VP24 [Ebola virus]
ARG43523,2212,non_vp35_header,ARG43523.1 |RNA-directed RNA polymerase [Ebola virus]
ARG43524,739,non_vp35_header,ARG43524.1 |nucleoprotein [Ebola virus]
ARG43526,326,non_vp35_header,ARG43526.1 |matrix protein VP40 [Ebola virus]
ARG43527,364,non_vp35_header,ARG43527.1 |small secreted glycoprotein GP: sGP [Ebola virus]
ARG43528,297,non_vp35_header,ARG43528.1 |super small secreted glycoprotein GP [Ebola virus]
ARG43529,676,non_vp35_header,ARG43529.1 |envelope glycoprotein [Ebola virus]
ARG43530,288,non_vp35_header,ARG43530.1 |minor nucleoprotein VP30 [Ebola virus]
ARG43531,251,non_vp35_header,ARG43531.1 |membrane-associated protein VP24 [Ebola virus]
ARG43532,2212,non_vp35_header,ARG43532.1 |RNA-directed RNA polymerase [Ebola virus]
ARG43533,739,non_vp35_header,ARG43533.1 |nucleoprotein [Ebola virus]
ARG43535,326,non_vp35_header,ARG43535.1 |matrix protein VP40 [Ebola virus]
ARG43536,364,non_vp35_header,ARG43536.1 |small secreted glycoprotein GP: sGP [Ebola virus]
ARG43537,297,non_vp35_header,ARG43537.1 |super small secreted glycoprotein GP [Ebola virus]
ARG43538,676,non_vp35_header,ARG43538.1 |envelope glycoprotein [Ebola virus]
ARG43539,288,non_vp35_header,ARG43539.1 |minor nucleoprotein VP30 [Ebola virus]
ARG43540,251,non_vp35_header,ARG43540.1 |membrane-associated protein VP24 [Ebola virus]
ARG43541,2212,non_vp35_header,ARG43541.1 |RNA-directed RNA polymerase [Ebola virus]
ARG43542,739,non_vp35_header,ARG43542.1 |nucleoprotein [Ebola virus]
ARG43544,326,non_vp35_header,ARG43544.1 |matrix protein VP40 [Ebola virus]
ARG43545,364,non_vp35_header,ARG43545.1 |small secreted glycoprotein GP: sGP [Ebola virus]
ARG43546,297,non_vp35_header,ARG43546.1 |super small secreted glycoprotein GP [Ebola virus]
ARG43547,676,non_vp35_header,ARG43547.1 |envelope glycoprotein [Ebola virus]
ARG43548,288,non_vp35_header,ARG43548.1 |minor nucleoprotein VP30 [Ebola virus]
ARG43549,251,non_vp35_header,ARG43549.1 |membrane-associated protein VP24 [Ebola virus]
ARG43550,2212,non_vp35_header,ARG43550.1 |RNA-directed RNA polymerase [Ebola virus]
ARG43551,739,non_vp35_header,ARG43551.1 |nucleoprotein [Ebola virus]
ARG43553,326,non_vp35_header,ARG43553.1 |matrix protein VP40 [Ebola virus]
ARG43554,364,non_vp35_header,ARG43554.1 |small secreted glycoprotein GP: sGP [Ebola virus]
ARG43555,297,non_vp35_header,ARG43555.1 |super small secreted glycoprotein GP [Ebola virus]
ARG43556,676,non_vp35_header,ARG43556.1 |envelope glycoprotein [Ebola virus]
ARG43557,288,non_vp35_header,ARG43557.1 |minor nucleoprotein VP30 [Ebola virus]
ARG43558,251,non_vp35_header,ARG43558.1 |membrane-associated protein VP24 [Ebola virus]
ARG43559,2212,non_vp35_header,ARG43559.1 |RNA-directed RNA polymerase [Ebola virus]
ARG43560,739,non_vp35_header,ARG43560.1 |nucleoprotein [Ebola virus]
ARG43562,326,non_vp35_header,ARG43562.1 |matrix protein VP40 [Ebola virus]
ARG43563,364,non_vp35_header,ARG43563.1 |small secreted glycoprotein GP: sGP [Ebola virus]
ARG43564,297,non_vp35_header,ARG43564.1 |super small secreted glycoprotein GP [Ebola virus]
ARG43565,676,non_vp35_header,ARG43565.1 |envelope glycoprotein [Ebola virus]
ARG43566,288,non_vp35_header,ARG43566.1 |minor nucleoprotein VP30 [Ebola virus]
ARG43567,251,non_vp35_header,ARG43567.1 |membrane-associated protein VP24 [Ebola virus]
ARG43568,2212,non_vp35_header,ARG43568.1 |RNA-directed RNA polymerase [Ebola virus]
ARG43569,739,non_vp35_header,ARG43569.1 |nucleoprotein [Ebola virus]
ARG43571,326,non_vp35_header,ARG43571.1 |matrix protein VP40 [Ebola virus]
ARG43572,364,non_vp35_header,ARG43572.1 |small secreted glycoprotein GP: sGP [Ebola virus]
ARG43573,297,non_vp35_header,ARG43573.1 |super small secreted glycoprotein GP [Ebola virus]
ARG43574,676,non_vp35_header,ARG43574.1 |envelope glycoprotein [Ebola virus]
ARG43575,288,non_vp35_header,ARG43575.1 |minor nucleoprotein VP30 [Ebola virus]
ARG43576,251,non_vp35_header,ARG43576.1 |membrane-associated protein VP24 [Ebola virus]
ARG43577,2212,non_vp35_header,ARG43577.1 |RNA-directed RNA polymerase [Ebola virus]
ARG43578,739,non_vp35_header,ARG43578.1 |nucleoprotein [Ebola virus]
ARG43580,326,non_vp35_header,ARG43580.1 |matrix protein VP40 [Ebola virus]
ARG43581,364,non_vp35_header,ARG43581.1 |small secreted glycoprotein GP: sGP [Ebola virus]
ARG43582,297,non_vp35_header,ARG43582.1 |super small secreted glycoprotein GP [Ebola virus]
ARG43583,676,non_vp35_header,ARG43583.1 |envelope glycoprotein [Ebola virus]
ARG43584,288,non_vp35_header,ARG43584.1 |minor nucleoprotein VP30 [Ebola virus]
ARG43585,251,non_vp35_header,ARG43585.1 |membrane-associated protein VP24 [Ebola virus]
ARG43586,2212,non_vp35_header,ARG43586.1 |RNA-directed RNA polymerase [Ebola virus]
ARG43587,739,non_vp35_header,ARG43587.1 |nucleoprotein [Ebola virus]
ARG43589,326,non_vp35_header,ARG43589.1 |matrix protein VP40 [Ebola virus]
ARG43590,364,non_vp35_header,ARG43590.1 |small secreted glycoprotein GP: sGP [Ebola virus]
ARG43591,297,non_vp35_header,ARG43591.1 |super small secreted glycoprotein GP [Ebola virus]
ARG43592,676,non_vp35_header,ARG43592.1 |envelope glycoprotein [Ebola virus]
ARG43593,288,non_vp35_header,ARG43593.1 |minor nucleoprotein VP30 [Ebola virus]
ARG43594,251,non_vp35_header,ARG43594.1 |membrane-associated protein VP24 [Ebola virus]
ARG43595,2212,non_vp35_header,ARG43595.1 |RNA-directed RNA polymerase [Ebola virus]
ARG43596,739,non_vp35_header,ARG43596.1 |nucleoprotein [Ebola virus]
ARG43598,326,non_vp35_header,ARG43598.1 |matrix protein VP40 [Ebola virus]
ARG43599,364,non_vp35_header,ARG43599.1 |small secreted glycoprotein GP: sGP [Ebola virus]
ARG43600,297,non_vp35_header,ARG43600.1 |super small secreted glycoprotein GP [Ebola virus]
ARG43601,676,non_vp35_header,ARG43601.1 |envelope glycoprotein [Ebola virus]
ARG43602,288,non_vp35_header,ARG43602.1 |minor nucleoprotein VP30 [Ebola virus]
ARG43603,251,non_vp35_header,ARG43603.1 |membrane-associated protein VP24 [Ebola virus]
ARG43604,2212,non_vp35_header,ARG43604.1 |RNA-directed RNA polymerase [Ebola virus]
ARG43605,739,non_vp35_header,ARG43605.1 |nucleoprotein [Ebola virus]
ARG43607,326,non_vp35_header,ARG43607.1 |matrix protein VP40 [Ebola virus]
ARG43608,364,non_vp35_header,ARG43608.1 |small secreted glycoprotein GP: sGP [Ebola virus]
ARG43609,297,non_vp35_header,ARG43609.1 |super small secreted glycoprotein GP [Ebola virus]
ARG43610,676,non_vp35_header,ARG43610.1 |envelope glycoprotein [Ebola virus]
ARG43611,288,non_vp35_header,ARG43611.1 |minor nucleoprotein VP30 [Ebola virus]
ARG43612,251,non_vp35_header,ARG43612.1 |membrane-associated protein VP24 [Ebola virus]
ARG43613,2212,non_vp35_header,ARG43613.1 |RNA-directed RNA polymerase [Ebola virus]
ARG43614,739,non_vp35_header,ARG43614.1 |nucleoprotein [Ebola virus]
ARG43616,326,non_vp35_header,ARG43616.1 |matrix protein VP40 [Ebola virus]
ARG43617,364,non_vp35_header,ARG43617.1 |small secreted glycoprotein GP: sGP [Ebola virus]
ARG43618,297,non_vp35_header,ARG43618.1 |super small secreted glycoprotein GP [Ebola virus]
ARG43619,676,non_vp35_header,ARG43619.1 |envelope glycoprotein [Ebola virus]
ARG43620,288,non_vp35_header,ARG43620.1 |minor nucleoprotein VP30 [Ebola virus]
ARG43621,251,non_vp35_header,ARG43621.1 |membrane-associated protein VP24 [Ebola virus]
ARG43622,2212,non_vp35_header,ARG43622.1 |RNA-directed RNA polymerase [Ebola virus]
ARG43623,739,non_vp35_header,ARG43623.1 |nucleoprotein [Ebola virus]
ARG43625,326,non_vp35_header,ARG43625.1 |matrix protein VP40 [Ebola virus]
ARG43626,364,non_vp35_header,ARG43626.1 |small secreted glycoprotein GP: sGP [Ebola virus]
ARG43627,297,non_vp35_header,ARG43627.1 |super small secreted glycoprotein GP [Ebola virus]
ARG43628,676,non_vp35_header,ARG43628.1 |envelope glycoprotein [Ebola virus]
ARG43629,288,non_vp35_header,ARG43629.1 |minor nucleoprotein VP30 [Ebola virus]
ARG43630,251,non_vp35_header,ARG43630.1 |membrane-associated protein VP24 [Ebola virus]
ARG43631,2212,non_vp35_header,ARG43631.1 |RNA-directed RNA polymerase [Ebola virus]
ARG43632,739,non_vp35_header,ARG43632.1 |nucleoprotein [Ebola virus]
ARG43634,326,non_vp35_header,ARG43634.1 |matrix protein VP40 [Ebola virus]
ARG43635,364,non_vp35_header,ARG43635.1 |small secreted glycoprotein GP: sGP [Ebola virus]
ARG43636,297,non_vp35_header,ARG43636.1 |super small secreted glycoprotein GP [Ebola virus]
ARG43637,676,non_vp35_header,ARG43637.1 |envelope glycoprotein [Ebola virus]
ARG43638,288,non_vp35_header,ARG43638.1 |minor nucleoprotein VP30 [Ebola virus]
ARG43639,251,non_vp35_header,ARG43639.1 |membrane-associated protein VP24 [Ebola virus]
ARG43640,2212,non_vp35_header,ARG43640.1 |RNA-directed RNA polymerase [Ebola virus]
ARG43641,739,non_vp35_header,ARG43641.1 |nucleoprotein [Ebola virus]
ARG43643,326,non_vp35_header,ARG43643.1 |matrix protein VP40 [Ebola virus]
ARG43644,364,non_vp35_header,ARG43644.1 |small secreted glycoprotein GP: sGP [Ebola virus]
ARG43645,297,non_vp35_header,ARG43645.1 |super small secreted glycoprotein GP [Ebola virus]
ARG43646,676,non_vp35_header,ARG43646.1 |envelope glycoprotein [Ebola virus]
ARG43647,288,non_vp35_header,ARG43647.1 |minor nucleoprotein VP30 [Ebola virus]
ARG43648,251,non_vp35_header,ARG43648.1 |membrane-associated protein VP24 [Ebola virus]
ARG43649,2212,non_vp35_header,ARG43649.1 |RNA-directed RNA polymerase [Ebola virus]
ARG43650,739,non_vp35_header,ARG43650.1 |nucleoprotein [Ebola virus]
ARG43652,326,non_vp35_header,ARG43652.1 |matrix protein VP40 [Ebola virus]
ARG43653,364,non_vp35_header,ARG43653.1 |small secreted glycoprotein GP: sGP [Ebola virus]
ARG43654,297,non_vp35_header,ARG43654.1 |super small secreted glycoprotein GP [Ebola virus]
ARG43655,676,non_vp35_header,ARG43655.1 |envelope glycoprotein [Ebola virus]
ARG43656,288,non_vp35_header,ARG43656.1 |minor nucleoprotein VP30 [Ebola virus]
ARG43657,251,non_vp35_header,ARG43657.1 |membrane-associated protein VP24 [Ebola virus]
ARG43658,2212,non_vp35_header,ARG43658.1 |RNA-directed RNA polymerase [Ebola virus]
ARG43659,739,non_vp35_header,ARG43659.1 |nucleoprotein [Ebola virus]
ARG43661,326,non_vp35_header,ARG43661.1 |matrix protein VP40 [Ebola virus]
ARG43662,364,non_vp35_header,ARG43662.1 |small secreted glycoprotein GP: sGP [Ebola virus]
ARG43663,297,non_vp35_header,ARG43663.1 |super small secreted glycoprotein GP [Ebola virus]
ARG43664,676,non_vp35_header,ARG43664.1 |envelope glycoprotein [Ebola virus]
ARG43665,288,non_vp35_header,ARG43665.1 |minor nucleoprotein VP30 [Ebola virus]
ARG43666,251,non_vp35_header,ARG43666.1 |membrane-associated protein VP24 [Ebola virus]
ARG43667,2212,non_vp35_header,ARG43667.1 |RNA-directed RNA polymerase [Ebola virus]
ARG43668,739,non_vp35_header,ARG43668.1 |nucleoprotein [Ebola virus]
ARG43670,326,non_vp35_header,ARG43670.1 |matrix protein VP40 [Ebola virus]
ARG43671,364,non_vp35_header,ARG43671.1 |small secreted glycoprotein GP: sGP [Ebola virus]
ARG43672,297,non_vp35_header,ARG43672.1 |super small secreted glycoprotein GP [Ebola virus]
ARG43673,676,non_vp35_header,ARG43673.1 |envelope glycoprotein [Ebola virus]
ARG43674,288,non_vp35_header,ARG43674.1 |minor nucleoprotein VP30 [Ebola virus]
ARG43675,251,non_vp35_header,ARG43675.1 |membrane-associated protein VP24 [Ebola virus]
ARG43676,2212,non_vp35_header,ARG43676.1 |RNA-directed RNA polymerase [Ebola virus]
ARG43677,739,non_vp35_header,ARG43677.1 |nucleoprotein [Ebola virus]
ARG43679,326,non_vp35_header,ARG43679.1 |matrix protein VP40 [Ebola virus]
ARG43680,364,non_vp35_header,ARG43680.1 |small secreted glycoprotein GP: sGP [Ebola virus]
ARG43681,297,non_vp35_header,ARG43681.1 |super small secreted glycoprotein GP [Ebola virus]
ARG43682,676,non_vp35_header,ARG43682.1 |envelope glycoprotein [Ebola virus]
ARG43683,288,non_vp35_header,ARG43683.1 |minor nucleoprotein VP30 [Ebola virus]
ARG43684,251,non_vp35_header,ARG43684.1 |membrane-associated protein VP24 [Ebola virus]
ARG43685,2212,non_vp35_header,ARG43685.1 |RNA-directed RNA polymerase [Ebola virus]
ARG43686,739,non_vp35_header,ARG43686.1 |nucleoprotein [Ebola virus]
ARG43688,326,non_vp35_header,ARG43688.1 |matrix protein VP40 [Ebola virus]
ARG43689,364,non_vp35_header,ARG43689.1 |small secreted glycoprotein GP: sGP [Ebola virus]
ARG43690,297,non_vp35_header,ARG43690.1 |super small secreted glycoprotein GP [Ebola virus]
ARG43691,676,non_vp35_header,ARG43691.1 |envelope glycoprotein [Ebola virus]
ARG43692,288,non_vp35_header,ARG43692.1 |minor nucleoprotein VP30 [Ebola virus]
ARG43693,251,non_vp35_header,ARG43693.1 |membrane-associated protein VP24 [Ebola virus]
ARG43694,2212,non_vp35_header,ARG43694.1 |RNA-directed RNA polymerase [Ebola virus]
ARG43695,739,non_vp35_header,ARG43695.1 |nucleoprotein [Ebola virus]
ARG43697,326,non_vp35_header,ARG43697.1 |matrix protein VP40 [Ebola virus]
ARG43698,364,non_vp35_header,ARG43698.1 |small secreted glycoprotein GP: sGP [Ebola virus]
ARG43699,297,non_vp35_header,ARG43699.1 |super small secreted glycoprotein GP [Ebola virus]
ARG43700,676,non_vp35_header,ARG43700.1 |envelope glycoprotein [Ebola virus]
ARG43701,288,non_vp35_header,ARG43701.1 |minor nucleoprotein VP30 [Ebola virus]
ARG43702,251,non_vp35_header,ARG43702.1 |membrane-associated protein VP24 [Ebola virus]
ARG43703,2212,non_vp35_header,ARG43703.1 |RNA-directed RNA polymerase [Ebola virus]
ARG43704,739,non_vp35_header,ARG43704.1 |nucleoprotein [Ebola virus]
ARG43706,326,non_vp35_header,ARG43706.1 |matrix protein VP40 [Ebola virus]
ARG43707,364,non_vp35_header,ARG43707.1 |small secreted glycoprotein GP: sGP [Ebola virus]
ARG43708,297,non_vp35_header,ARG43708.1 |super small secreted glycoprotein GP [Ebola virus]
ARG43709,676,non_vp35_header,ARG43709.1 |envelope glycoprotein [Ebola virus]
ARG43710,288,non_vp35_header,ARG43710.1 |minor nucleoprotein VP30 [Ebola virus]
ARG43711,251,non_vp35_header,ARG43711.1 |membrane-associated protein VP24 [Ebola virus]
ARG43712,2212,non_vp35_header,ARG43712.1 |RNA-directed RNA polymerase [Ebola virus]
ARG43713,739,non_vp35_header,ARG43713.1 |nucleoprotein [Ebola virus]
ARG43715,326,non_vp35_header,ARG43715.1 |matrix protein VP40 [Ebola virus]
ARG43716,364,non_vp35_header,ARG43716.1 |small secreted glycoprotein GP: sGP [Ebola virus]
ARG43717,297,non_vp35_header,ARG43717.1 |super small secreted glycoprotein GP [Ebola virus]
ARG43718,676,non_vp35_header,ARG43718.1 |envelope glycoprotein [Ebola virus]
ARG43719,288,non_vp35_header,ARG43719.1 |minor nucleoprotein VP30 [Ebola virus]
ARG43720,251,non_vp35_header,ARG43720.1 |membrane-associated protein VP24 [Ebola virus]
ARG43721,2212,non_vp35_header,ARG43721.1 |RNA-directed RNA polymerase [Ebola virus]
ARG43722,739,non_vp35_header,ARG43722.1 |nucleoprotein [Ebola virus]
ARG43724,326,non_vp35_header,ARG43724.1 |matrix protein VP40 [Ebola virus]
ARG43725,364,non_vp35_header,ARG43725.1 |small secreted glycoprotein GP: sGP [Ebola virus]
ARG43726,297,non_vp35_header,ARG43726.1 |super small secreted glycoprotein GP [Ebola virus]
ARG43727,676,non_vp35_header,ARG43727.1 |envelope glycoprotein [Ebola virus]
ARG43728,288,non_vp35_header,ARG43728.1 |minor nucleoprotein VP30 [Ebola virus]
ARG43729,251,non_vp35_header,ARG43729.1 |membrane-associated protein VP24 [Ebola virus]
ARG43730,2212,non_vp35_header,ARG43730.1 |RNA-directed RNA polymerase [Ebola virus]
ARG43731,739,non_vp35_header,ARG43731.1 |nucleoprotein [Ebola virus]
ARG43733,326,non_vp35_header,ARG43733.1 |matrix protein VP40 [Ebola virus]
ARG43734,364,non_vp35_header,ARG43734.1 |small secreted glycoprotein GP: sGP [Ebola virus]
ARG43735,297,non_vp35_header,ARG43735.1 |super small secreted glycoprotein GP [Ebola virus]
ARG43736,676,non_vp35_header,ARG43736.1 |envelope glycoprotein [Ebola virus]
ARG43737,288,non_vp35_header,ARG43737.1 |minor nucleoprotein VP30 [Ebola virus]
ARG43738,251,non_vp35_header,ARG43738.1 |membrane-associated protein VP24 [Ebola virus]
ARG43739,2212,non_vp35_header,ARG43739.1 |RNA-directed RNA polymerase [Ebola virus]
ARG43740,739,non_vp35_header,ARG43740.1 |nucleoprotein [Ebola virus]
ARG43742,326,non_vp35_header,ARG43742.1 |matrix protein VP40 [Ebola virus]
ARG43743,364,non_vp35_header,ARG43743.1 |small secreted glycoprotein GP: sGP [Ebola virus]
ARG43744,297,non_vp35_header,ARG43744.1 |super small secreted glycoprotein GP [Ebola virus]
ARG43745,676,non_vp35_header,ARG43745.1 |envelope glycoprotein [Ebola virus]
ARG43746,288,non_vp35_header,ARG43746.1 |minor nucleoprotein VP30 [Ebola virus]
ARG43747,251,non_vp35_header,ARG43747.1 |membrane-associated protein VP24 [Ebola virus]
ARG43748,2212,non_vp35_header,ARG43748.1 |RNA-directed RNA polymerase [Ebola virus]
ARG43749,739,non_vp35_header,ARG43749.1 |nucleoprotein [Ebola virus]
ARG43751,326,non_vp35_header,ARG43751.1 |matrix protein VP40 [Ebola virus]
ARG43752,364,non_vp35_header,ARG43752.1 |small secreted glycoprotein GP: sGP [Ebola virus]
ARG43753,297,non_vp35_header,ARG43753.1 |super small secreted glycoprotein GP [Ebola virus]
ARG43754,676,non_vp35_header,ARG43754.1 |envelope glycoprotein [Ebola virus]
ARG43755,288,non_vp35_header,ARG43755.1 |minor nucleoprotein VP30 [Ebola virus]
ARG43756,251,non_vp35_header,ARG43756.1 |membrane-associated protein VP24 [Ebola virus]
ARG43757,2212,non_vp35_header,ARG43757.1 |RNA-directed RNA polymerase [Ebola virus]
ARG43758,739,non_vp35_header,ARG43758.1 |nucleoprotein [Ebola virus]
ARG43760,326,non_vp35_header,ARG43760.1 |matrix protein VP40 [Ebola virus]
ARG43761,364,non_vp35_header,ARG43761.1 |small secreted glycoprotein GP: sGP [Ebola virus]
ARG43762,297,non_vp35_header,ARG43762.1 |super small secreted glycoprotein GP [Ebola virus]
ARG43763,676,non_vp35_header,ARG43763.1 |envelope glycoprotein [Ebola virus]
ARG43764,288,non_vp35_header,ARG43764.1 |minor nucleoprotein VP30 [Ebola virus]
ARG43765,251,non_vp35_header,ARG43765.1 |membrane-associated protein VP24 [Ebola virus]
ARG43766,2212,non_vp35_header,ARG43766.1 |RNA-directed RNA polymerase [Ebola virus]
ARG43767,739,non_vp35_header,ARG43767.1 |nucleoprotein [Ebola virus]
ARG43769,326,non_vp35_header,ARG43769.1 |matrix protein VP40 [Ebola virus]
ARG43770,364,non_vp35_header,ARG43770.1 |small secreted glycoprotein GP: sGP [Ebola virus]
ARG43771,297,non_vp35_header,ARG43771.1 |super small secreted glycoprotein GP [Ebola virus]
ARG43772,676,non_vp35_header,ARG43772.1 |envelope glycoprotein [Ebola virus]
ARG43773,288,non_vp35_header,ARG43773.1 |minor nucleoprotein VP30 [Ebola virus]
ARG43774,251,non_vp35_header,ARG43774.1 |membrane-associated protein VP24 [Ebola virus]
ARG43775,2212,non_vp35_header,ARG43775.1 |RNA-directed RNA polymerase [Ebola virus]
ARG43776,739,non_vp35_header,ARG43776.1 |nucleoprotein [Ebola virus]
ARG43778,326,non_vp35_header,ARG43778.1 |matrix protein VP40 [Ebola virus]
ARG43779,364,non_vp35_header,ARG43779.1 |small secreted glycoprotein GP: sGP [Ebola virus]
ARG43780,297,non_vp35_header,ARG43780.1 |super small secreted glycoprotein GP [Ebola virus]
ARG43781,676,non_vp35_header,ARG43781.1 |envelope glycoprotein [Ebola virus]
ARG43782,288,non_vp35_header,ARG43782.1 |minor nucleoprotein VP30 [Ebola virus]
ARG43783,251,non_vp35_header,ARG43783.1 |membrane-associated protein VP24 [Ebola virus]
ARG43784,2212,non_vp35_header,ARG43784.1 |RNA-directed RNA polymerase [Ebola virus]
ARG43785,739,non_vp35_header,ARG43785.1 |nucleoprotein [Ebola virus]
ARG43787,326,non_vp35_header,ARG43787.1 |matrix protein VP40 [Ebola virus]
ARG43788,364,non_vp35_header,ARG43788.1 |small secreted glycoprotein GP: sGP [Ebola virus]
ARG43789,297,non_vp35_header,ARG43789.1 |super small secreted glycoprotein GP [Ebola virus]
ARG43790,676,non_vp35_header,ARG43790.1 |envelope glycoprotein [Ebola virus]
ARG43791,288,non_vp35_header,ARG43791.1 |minor nucleoprotein VP30 [Ebola virus]
ARG43792,251,non_vp35_header,ARG43792.1 |membrane-associated protein VP24 [Ebola virus]
ARG43793,2212,non_vp35_header,ARG43793.1 |RNA-directed RNA polymerase [Ebola virus]
ARG43794,739,non_vp35_header,ARG43794.1 |nucleoprotein [Ebola virus]
ARG43796,326,non_vp35_header,ARG43796.1 |matrix protein VP40 [Ebola virus]
ARG43797,364,non_vp35_header,ARG43797.1 |small secreted glycoprotein GP: sGP [Ebola virus]
ARG43798,297,non_vp35_header,ARG43798.1 |super small secreted glycoprotein GP [Ebola virus]
ARG43799,676,non_vp35_header,ARG43799.1 |envelope glycoprotein [Ebola virus]
ARG43800,288,non_vp35_header,ARG43800.1 |minor nucleoprotein VP30 [Ebola virus]
ARG43801,251,non_vp35_header,ARG43801.1 |membrane-associated protein VP24 [Ebola virus]
ARG43802,2212,non_vp35_header,ARG43802.1 |RNA-directed RNA polymerase [Ebola virus]
ARG43803,739,non_vp35_header,ARG43803.1 |nucleoprotein [Ebola virus]
ARG43805,326,non_vp35_header,ARG43805.1 |matrix protein VP40 [Ebola virus]
ARG43806,364,non_vp35_header,ARG43806.1 |small secreted glycoprotein GP: sGP [Ebola virus]
ARG43807,297,non_vp35_header,ARG43807.1 |super small secreted glycoprotein GP [Ebola virus]
ARG43808,676,non_vp35_header,ARG43808.1 |envelope glycoprotein [Ebola virus]
ARG43809,288,non_vp35_header,ARG43809.1 |minor nucleoprotein VP30 [Ebola virus]
ARG43810,251,non_vp35_header,ARG43810.1 |membrane-associated protein VP24 [Ebola virus]
ARG43811,2212,non_vp35_header,ARG43811.1 |RNA-directed RNA polymerase [Ebola virus]
ARG43812,739,non_vp35_header,ARG43812.1 |nucleoprotein [Ebola virus]
ARG43814,326,non_vp35_header,ARG43814.1 |matrix protein VP40 [Ebola virus]
ARG43815,364,non_vp35_header,ARG43815.1 |small secreted glycoprotein GP: sGP [Ebola virus]
ARG43816,297,non_vp35_header,ARG43816.1 |super small secreted glycoprotein GP [Ebola virus]
ARG43817,676,non_vp35_header,ARG43817.1 |envelope glycoprotein [Ebola virus]
ARG43818,288,non_vp35_header,ARG43818.1 |minor nucleoprotein VP30 [Ebola virus]
ARG43819,251,non_vp35_header,ARG43819.1 |membrane-associated protein VP24 [Ebola virus]
ARG43820,2212,non_vp35_header,ARG43820.1 |RNA-directed RNA polymerase [Ebola virus]
ARG43821,739,non_vp35_header,ARG43821.1 |nucleoprotein [Ebola virus]
ARG43823,326,non_vp35_header,ARG43823.1 |matrix protein VP40 [Ebola virus]
ARG43824,364,non_vp35_header,ARG43824.1 |small secreted glycoprotein GP: sGP [Ebola virus]
ARG43825,297,non_vp35_header,ARG43825.1 |super small secreted glycoprotein GP [Ebola virus]
ARG43826,676,non_vp35_header,ARG43826.1 |envelope glycoprotein [Ebola virus]
ARG43827,288,non_vp35_header,ARG43827.1 |minor nucleoprotein VP30 [Ebola virus]
ARG43828,251,non_vp35_header,ARG43828.1 |membrane-associated protein VP24 [Ebola virus]
ARG43829,2212,non_vp35_header,ARG43829.1 |RNA-directed RNA polymerase [Ebola virus]
ARG43830,739,non_vp35_header,ARG43830.1 |nucleoprotein [Ebola virus]
ARG43832,326,non_vp35_header,ARG43832.1 |matrix protein VP40 [Ebola virus]
ARG43833,364,non_vp35_header,ARG43833.1 |small secreted glycoprotein GP: sGP [Ebola virus]
ARG43834,297,non_vp35_header,ARG43834.1 |super small secreted glycoprotein GP [Ebola virus]
ARG43835,676,non_vp35_header,ARG43835.1 |envelope glycoprotein [Ebola virus]
ARG43836,288,non_vp35_header,ARG43836.1 |minor nucleoprotein VP30 [Ebola virus]
ARG43837,251,non_vp35_header,ARG43837.1 |membrane-associated protein VP24 [Ebola virus]
ARG43838,2212,non_vp35_header,ARG43838.1 |RNA-directed RNA polymerase [Ebola virus]
ARG43839,739,non_vp35_header,ARG43839.1 |nucleoprotein [Ebola virus]
ARG43841,326,non_vp35_header,ARG43841.1 |matrix protein VP40 [Ebola virus]
ARG43842,364,non_vp35_header,ARG43842.1 |small secreted glycoprotein GP: sGP [Ebola virus]
ARG43843,297,non_vp35_header,ARG43843.1 |super small secreted glycoprotein GP [Ebola virus]
ARG43844,676,non_vp35_header,ARG43844.1 |envelope glycoprotein [Ebola virus]
ARG43845,288,non_vp35_header,ARG43845.1 |minor nucleoprotein VP30 [Ebola virus]
ARG43846,251,non_vp35_header,ARG43846.1 |membrane-associated protein VP24 [Ebola virus]
ARG43847,2212,non_vp35_header,ARG43847.1 |RNA-directed RNA polymerase [Ebola virus]
ARG43848,739,non_vp35_header,ARG43848.1 |nucleoprotein [Ebola virus]
ARG43850,326,non_vp35_header,ARG43850.1 |matrix protein VP40 [Ebola virus]
ARG43851,364,non_vp35_header,ARG43851.1 |small secreted glycoprotein GP: sGP [Ebola virus]
ARG43852,297,non_vp35_header,ARG43852.1 |super small secreted glycoprotein GP [Ebola virus]
ARG43853,676,non_vp35_header,ARG43853.1 |envelope glycoprotein [Ebola virus]
ARG43854,288,non_vp35_header,ARG43854.1 |minor nucleoprotein VP30 [Ebola virus]
ARG43855,251,non_vp35_header,ARG43855.1 |membrane-associated protein VP24 [Ebola virus]
ARG43856,2212,non_vp35_header,ARG43856.1 |RNA-directed RNA polymerase [Ebola virus]
ARG43857,739,non_vp35_header,ARG43857.1 |nucleoprotein [Ebola virus]
ARG43859,326,non_vp35_header,ARG43859.1 |matrix protein VP40 [Ebola virus]
ARG43860,364,non_vp35_header,ARG43860.1 |small secreted glycoprotein GP: sGP [Ebola virus]
ARG43861,297,non_vp35_header,ARG43861.1 |super small secreted glycoprotein GP [Ebola virus]
ARG43862,676,non_vp35_header,ARG43862.1 |envelope glycoprotein [Ebola virus]
ARG43863,288,non_vp35_header,ARG43863.1 |minor nucleoprotein VP30 [Ebola virus]
ARG43864,251,non_vp35_header,ARG43864.1 |membrane-associated protein VP24 [Ebola virus]
ARG43865,2212,non_vp35_header,ARG43865.1 |RNA-directed RNA polymerase [Ebola virus]
ARG43866,739,non_vp35_header,ARG43866.1 |nucleoprotein [Ebola virus]
ARG43868,326,non_vp35_header,ARG43868.1 |matrix protein VP40 [Ebola virus]
ARG43869,364,non_vp35_header,ARG43869.1 |small secreted glycoprotein GP: sGP [Ebola virus]
ARG43870,297,non_vp35_header,ARG43870.1 |super small secreted glycoprotein GP [Ebola virus]
ARG43871,676,non_vp35_header,ARG43871.1 |envelope glycoprotein [Ebola virus]
ARG43872,288,non_vp35_header,ARG43872.1 |minor nucleoprotein VP30 [Ebola virus]
ARG43873,251,non_vp35_header,ARG43873.1 |membrane-associated protein VP24 [Ebola virus]
ARG43874,2212,non_vp35_header,ARG43874.1 |RNA-directed RNA polymerase [Ebola virus]
ARG43875,739,non_vp35_header,ARG43875.1 |nucleoprotein [Ebola virus]
ARG43877,326,non_vp35_header,ARG43877.1 |matrix protein VP40 [Ebola virus]
ARG43878,364,non_vp35_header,ARG43878.1 |small secreted glycoprotein GP: sGP [Ebola virus]
ARG43879,297,non_vp35_header,ARG43879.1 |super small secreted glycoprotein GP [Ebola virus]
ARG43880,676,non_vp35_header,ARG43880.1 |envelope glycoprotein [Ebola virus]
ARG43881,288,non_vp35_header,ARG43881.1 |minor nucleoprotein VP30 [Ebola virus]
ARG43882,251,non_vp35_header,ARG43882.1 |membrane-associated protein VP24 [Ebola virus]
ARG43883,2212,non_vp35_header,ARG43883.1 |RNA-directed RNA polymerase [Ebola virus]
ARG43884,739,non_vp35_header,ARG43884.1 |nucleoprotein [Ebola virus]
ARG43886,326,non_vp35_header,ARG43886.1 |matrix protein VP40 [Ebola virus]
ARG43887,364,non_vp35_header,ARG43887.1 |small secreted glycoprotein GP: sGP [Ebola virus]
ARG43888,297,non_vp35_header,ARG43888.1 |super small secreted glycoprotein GP [Ebola virus]
ARG43889,676,non_vp35_header,ARG43889.1 |envelope glycoprotein [Ebola virus]
ARG43890,288,non_vp35_header,ARG43890.1 |minor nucleoprotein VP30 [Ebola virus]
ARG43891,251,non_vp35_header,ARG43891.1 |membrane-associated protein VP24 [Ebola virus]
ARG43892,2212,non_vp35_header,ARG43892.1 |RNA-directed RNA polymerase [Ebola virus]
ARG43893,739,non_vp35_header,ARG43893.1 |nucleoprotein [Ebola virus]
ARG43895,326,non_vp35_header,ARG43895.1 |matrix protein VP40 [Ebola virus]
ARG43896,364,non_vp35_header,ARG43896.1 |small secreted glycoprotein GP: sGP [Ebola virus]
ARG43897,297,non_vp35_header,ARG43897.1 |super small secreted glycoprotein GP [Ebola virus]
ARG43898,676,non_vp35_header,ARG43898.1 |envelope glycoprotein [Ebola virus]
ARG43899,288,non_vp35_header,ARG43899.1 |minor nucleoprotein VP30 [Ebola virus]
ARG43900,251,non_vp35_header,ARG43900.1 |membrane-associated protein VP24 [Ebola virus]
ARG43901,2212,non_vp35_header,ARG43901.1 |RNA-directed RNA polymerase [Ebola virus]
ARG43902,739,non_vp35_header,ARG43902.1 |nucleoprotein [Ebola virus]
ARG43904,326,non_vp35_header,ARG43904.1 |matrix protein VP40 [Ebola virus]
ARG43905,364,non_vp35_header,ARG43905.1 |small secreted glycoprotein GP: sGP [Ebola virus]
ARG43906,297,non_vp35_header,ARG43906.1 |super small secreted glycoprotein GP [Ebola virus]
ARG43907,676,non_vp35_header,ARG43907.1 |envelope glycoprotein [Ebola virus]
ARG43908,288,non_vp35_header,ARG43908.1 |minor nucleoprotein VP30 [Ebola virus]
ARG43909,251,non_vp35_header,ARG43909.1 |membrane-associated protein VP24 [Ebola virus]
ARG43910,2212,non_vp35_header,ARG43910.1 |RNA-directed RNA polymerase [Ebola virus]
ARG43911,739,non_vp35_header,ARG43911.1 |nucleoprotein [Ebola virus]
ARG43913,326,non_vp35_header,ARG43913.1 |matrix protein VP40 [Ebola virus]
ARG43914,364,non_vp35_header,ARG43914.1 |small secreted glycoprotein GP: sGP [Ebola virus]
ARG43915,297,non_vp35_header,ARG43915.1 |super small secreted glycoprotein GP [Ebola virus]
ARG43916,676,non_vp35_header,ARG43916.1 |envelope glycoprotein [Ebola virus]
ARG43917,288,non_vp35_header,ARG43917.1 |minor nucleoprotein VP30 [Ebola virus]
ARG43918,251,non_vp35_header,ARG43918.1 |membrane-associated protein VP24 [Ebola virus]
ARG43919,2212,non_vp35_header,ARG43919.1 |RNA-directed RNA polymerase [Ebola virus]
ARG43920,739,non_vp35_header,ARG43920.1 |nucleoprotein [Ebola virus]
ARG43922,326,non_vp35_header,ARG43922.1 |matrix protein VP40 [Ebola virus]
ARG43923,364,non_vp35_header,ARG43923.1 |small secreted glycoprotein GP: sGP [Ebola virus]
ARG43924,297,non_vp35_header,ARG43924.1 |super small secreted glycoprotein GP [Ebola virus]
ARG43925,676,non_vp35_header,ARG43925.1 |envelope glycoprotein [Ebola virus]
ARG43926,288,non_vp35_header,ARG43926.1 |minor nucleoprotein VP30 [Ebola virus]
ARG43927,251,non_vp35_header,ARG43927.1 |membrane-associated protein VP24 [Ebola virus]
ARG43928,2212,non_vp35_header,ARG43928.1 |RNA-directed RNA polymerase [Ebola virus]
ARG43929,739,non_vp35_header,ARG43929.1 |nucleoprotein [Ebola virus]
ARG43931,326,non_vp35_header,ARG43931.1 |matrix protein VP40 [Ebola virus]
ARG43932,364,non_vp35_header,ARG43932.1 |small secreted glycoprotein GP: sGP [Ebola virus]
ARG43933,297,non_vp35_header,ARG43933.1 |super small secreted glycoprotein GP [Ebola virus]
ARG43934,676,non_vp35_header,ARG43934.1 |envelope glycoprotein [Ebola virus]
ARG43935,288,non_vp35_header,ARG43935.1 |minor nucleoprotein VP30 [Ebola virus]
ARG43936,251,non_vp35_header,ARG43936.1 |membrane-associated protein VP24 [Ebola virus]
ARG43937,2212,non_vp35_header,ARG43937.1 |RNA-directed RNA polymerase [Ebola virus]
ARG43938,739,non_vp35_header,ARG43938.1 |nucleoprotein [Ebola virus]
ARG43940,326,non_vp35_header,ARG43940.1 |matrix protein VP40 [Ebola virus]
ARG43941,364,non_vp35_header,ARG43941.1 |small secreted glycoprotein GP: sGP [Ebola virus]
ARG43942,297,non_vp35_header,ARG43942.1 |super small secreted glycoprotein GP [Ebola virus]
ARG43943,676,non_vp35_header,ARG43943.1 |envelope glycoprotein [Ebola virus]
ARG43944,288,non_vp35_header,ARG43944.1 |minor nucleoprotein VP30 [Ebola virus]
ARG43945,251,non_vp35_header,ARG43945.1 |membrane-associated protein VP24 [Ebola virus]
ARG43946,2212,non_vp35_header,ARG43946.1 |RNA-directed RNA polymerase [Ebola virus]
ARG43947,739,non_vp35_header,ARG43947.1 |nucleoprotein [Ebola virus]
ARG43949,326,non_vp35_header,ARG43949.1 |matrix protein VP40 [Ebola virus]
ARG43950,364,non_vp35_header,ARG43950.1 |small secreted glycoprotein GP: sGP [Ebola virus]
ARG43951,297,non_vp35_header,ARG43951.1 |super small secreted glycoprotein GP [Ebola virus]
ARG43952,676,non_vp35_header,ARG43952.1 |envelope glycoprotein [Ebola virus]
ARG43953,288,non_vp35_header,ARG43953.1 |minor nucleoprotein VP30 [Ebola virus]
ARG43954,251,non_vp35_header,ARG43954.1 |membrane-associated protein VP24 [Ebola virus]
ARG43955,2212,non_vp35_header,ARG43955.1 |RNA-directed RNA polymerase [Ebola virus]
ARG43956,739,non_vp35_header,ARG43956.1 |nucleoprotein [Ebola virus]
ARG43958,326,non_vp35_header,ARG43958.1 |matrix protein VP40 [Ebola virus]
ARG43959,364,non_vp35_header,ARG43959.1 |small secreted glycoprotein GP: sGP [Ebola virus]
ARG43960,297,non_vp35_header,ARG43960.1 |super small secreted glycoprotein GP [Ebola virus]
ARG43961,676,non_vp35_header,ARG43961.1 |envelope glycoprotein [Ebola virus]
ARG43962,288,non_vp35_header,ARG43962.1 |minor nucleoprotein VP30 [Ebola virus]
ARG43963,251,non_vp35_header,ARG43963.1 |membrane-associated protein VP24 [Ebola virus]
ARG43964,2212,non_vp35_header,ARG43964.1 |RNA-directed RNA polymerase [Ebola virus]
ARG43965,739,non_vp35_header,ARG43965.1 |nucleoprotein [Ebola virus]
ARG43967,326,non_vp35_header,ARG43967.1 |matrix protein VP40 [Ebola virus]
ARG43968,364,non_vp35_header,ARG43968.1 |small secreted glycoprotein GP: sGP [Ebola virus]
ARG43969,297,non_vp35_header,ARG43969.1 |super small secreted glycoprotein GP [Ebola virus]
ARG43970,676,non_vp35_header,ARG43970.1 |envelope glycoprotein [Ebola virus]
ARG43971,288,non_vp35_header,ARG43971.1 |minor nucleoprotein VP30 [Ebola virus]
ARG43972,251,non_vp35_header,ARG43972.1 |membrane-associated protein VP24 [Ebola virus]
ARG43973,2212,non_vp35_header,ARG43973.1 |RNA-directed RNA polymerase [Ebola virus]
ARG43974,739,non_vp35_header,ARG43974.1 |nucleoprotein [Ebola virus]
ARG43976,326,non_vp35_header,ARG43976.1 |matrix protein VP40 [Ebola virus]
ARG43977,364,non_vp35_header,ARG43977.1 |small secreted glycoprotein GP: sGP [Ebola virus]
ARG43978,297,non_vp35_header,ARG43978.1 |super small secreted glycoprotein GP [Ebola virus]
ARG43979,676,non_vp35_header,ARG43979.1 |envelope glycoprotein [Ebola virus]
ARG43980,288,non_vp35_header,ARG43980.1 |minor nucleoprotein VP30 [Ebola virus]
ARG43981,251,non_vp35_header,ARG43981.1 |membrane-associated protein VP24 [Ebola virus]
ARG43982,2212,non_vp35_header,ARG43982.1 |RNA-directed RNA polymerase [Ebola virus]
ARG43983,739,non_vp35_header,ARG43983.1 |nucleoprotein [Ebola virus]
ARG43985,326,non_vp35_header,ARG43985.1 |matrix protein VP40 [Ebola virus]
ARG43986,364,non_vp35_header,ARG43986.1 |small secreted glycoprotein GP: sGP [Ebola virus]
ARG43987,297,non_vp35_header,ARG43987.1 |super small secreted glycoprotein GP [Ebola virus]
ARG43988,676,non_vp35_header,ARG43988.1 |envelope glycoprotein [Ebola virus]
ARG43989,288,non_vp35_header,ARG43989.1 |minor nucleoprotein VP30 [Ebola virus]
ARG43990,251,non_vp35_header,ARG43990.1 |membrane-associated protein VP24 [Ebola virus]
ARG43991,2212,non_vp35_header,ARG43991.1 |RNA-directed RNA polymerase [Ebola virus]
ARG43992,739,non_vp35_header,ARG43992.1 |nucleoprotein [Ebola virus]
ARG43994,326,non_vp35_header,ARG43994.1 |matrix protein VP40 [Ebola virus]
ARG43995,364,non_vp35_header,ARG43995.1 |small secreted glycoprotein GP: sGP [Ebola virus]
ARG43996,297,non_vp35_header,ARG43996.1 |super small secreted glycoprotein GP [Ebola virus]
ARG43997,676,non_vp35_header,ARG43997.1 |envelope glycoprotein [Ebola virus]
ARG43998,288,non_vp35_header,ARG43998.1 |minor nucleoprotein VP30 [Ebola virus]
ARG43999,251,non_vp35_header,ARG43999.1 |membrane-associated protein VP24 [Ebola virus]
ARG44000,2212,non_vp35_header,ARG44000.1 |RNA-directed RNA polymerase [Ebola virus]
ARG44001,739,non_vp35_header,ARG44001.1 |nucleoprotein [Ebola virus]
ARG44003,326,non_vp35_header,ARG44003.1 |matrix protein VP40 [Ebola virus]
ARG44004,364,non_vp35_header,ARG44004.1 |small secreted glycoprotein GP: sGP [Ebola virus]
ARG44005,297,non_vp35_header,ARG44005.1 |super small secreted glycoprotein GP [Ebola virus]
ARG44006,676,non_vp35_header,ARG44006.1 |envelope glycoprotein [Ebola virus]
ARG44007,288,non_vp35_header,ARG44007.1 |minor nucleoprotein VP30 [Ebola virus]
ARG44008,251,non_vp35_header,ARG44008.1 |membrane-associated protein VP24 [Ebola virus]
ARG44009,2212,non_vp35_header,ARG44009.1 |RNA-directed RNA polymerase [Ebola virus]
ARG44010,739,non_vp35_header,ARG44010.1 |nucleoprotein [Ebola virus]
ARG44012,326,non_vp35_header,ARG44012.1 |matrix protein VP40 [Ebola virus]
ARG44013,364,non_vp35_header,ARG44013.1 |small secreted glycoprotein GP: sGP [Ebola virus]
ARG44014,297,non_vp35_header,ARG44014.1 |super small secreted glycoprotein GP [Ebola virus]
ARG44015,676,non_vp35_header,ARG44015.1 |envelope glycoprotein [Ebola virus]
ARG44016,288,non_vp35_header,ARG44016.1 |minor nucleoprotein VP30 [Ebola virus]
ARG44017,251,non_vp35_header,ARG44017.1 |membrane-associated protein VP24 [Ebola virus]
ARG44018,2212,non_vp35_header,ARG44018.1 |RNA-directed RNA polymerase [Ebola virus]
ARG44019,739,non_vp35_header,ARG44019.1 |nucleoprotein [Ebola virus]
ARG44021,326,non_vp35_header,ARG44021.1 |matrix protein VP40 [Ebola virus]
ARG44022,364,non_vp35_header,ARG44022.1 |small secreted glycoprotein GP: sGP [Ebola virus]
ARG44023,297,non_vp35_header,ARG44023.1 |super small secreted glycoprotein GP [Ebola virus]
ARG44024,676,non_vp35_header,ARG44024.1 |envelope glycoprotein [Ebola virus]
ARG44025,288,non_vp35_header,ARG44025.1 |minor nucleoprotein VP30 [Ebola virus]
ARG44026,251,non_vp35_header,ARG44026.1 |membrane-associated protein VP24 [Ebola virus]
ARG44027,2212,non_vp35_header,ARG44027.1 |RNA-directed RNA polymerase [Ebola virus]
ARG44028,739,non_vp35_header,ARG44028.1 |nucleoprotein [Ebola virus]
ARG44030,326,non_vp35_header,ARG44030.1 |matrix protein VP40 [Ebola virus]
ARG44031,364,non_vp35_header,ARG44031.1 |small secreted glycoprotein GP: sGP [Ebola virus]
ARG44032,297,non_vp35_header,ARG44032.1 |super small secreted glycoprotein GP [Ebola virus]
ARG44033,676,non_vp35_header,ARG44033.1 |envelope glycoprotein [Ebola virus]
ARG44034,288,non_vp35_header,ARG44034.1 |minor nucleoprotein VP30 [Ebola virus]
ARG44035,251,non_vp35_header,ARG44035.1 |membrane-associated protein VP24 [Ebola virus]
ARG44036,2212,non_vp35_header,ARG44036.1 |RNA-directed RNA polymerase [Ebola virus]
ARG44037,739,non_vp35_header,ARG44037.1 |nucleoprotein [Ebola virus]
ARG44039,326,non_vp35_header,ARG44039.1 |matrix protein VP40 [Ebola virus]
ARG44040,364,non_vp35_header,ARG44040.1 |small secreted glycoprotein GP: sGP [Ebola virus]
ARG44041,297,non_vp35_header,ARG44041.1 |super small secreted glycoprotein GP [Ebola virus]
ARG44042,676,non_vp35_header,ARG44042.1 |envelope glycoprotein [Ebola virus]
ARG44043,288,non_vp35_header,ARG44043.1 |minor nucleoprotein VP30 [Ebola virus]
ARG44044,251,non_vp35_header,ARG44044.1 |membrane-associated protein VP24 [Ebola virus]
ARG44045,2212,non_vp35_header,ARG44045.1 |RNA-directed RNA polymerase [Ebola virus]
SCD11531,739,non_vp35_header,SCD11531.1 |nucleoprotein [Ebola virus]
SCD11533,326,non_vp35_header,SCD11533.1 |matrix protein [Ebola virus]
SCD11534,676,non_vp35_header,SCD11534.1 |virion spike glycoprotein precursor [Ebola virus]
SCD11535,364,non_vp35_header,SCD11535.1 |sGP [Ebola virus]
SCD11536,297,non_vp35_header,SCD11536.1 |ssGP [Ebola virus]
SCD11537,288,non_vp35_header,SCD11537.1 |VP30 [Ebola virus]
SCD11538,251,non_vp35_header,SCD11538.1 |VP24 [Ebola virus]
SCD11539,2212,non_vp35_header,SCD11539.1 |polymerase [Ebola virus]
AKN20129,405,non_vp35_header,"AKN20129.1 |nucleoprotein, partial [Ebola virus]"
AKN20130,111,non_vp35_header,"AKN20130.1 |VP40 protein, partial [Ebola virus]"
ALT19650,739,non_vp35_header,ALT19650.1 |nucleoprotein [Ebola virus]
ALT19652,326,non_vp35_header,ALT19652.1 |matrix protein VP40 [Ebola virus]
ALT19653,298,non_vp35_header,ALT19653.1 |super small secreted glycoprotein SsGP [Ebola virus]
ALT19654,364,non_vp35_header,ALT19654.1 |small secreted glycoprotein sGP [Ebola virus]
ALT19655,676,non_vp35_header,ALT19655.1 |envelope glycoprotein [Ebola virus]
ALT19656,288,non_vp35_header,ALT19656.1 |minor nucleoprotein VP30 [Ebola virus]
ALT19657,251,non_vp35_header,ALT19657.1 |membrane-associated protein VP24 [Ebola virus]
ALT19658,2212,non_vp35_header,ALT19658.1 |RNA-directed RNA polymerase L [Ebola virus]
ALT19659,739,non_vp35_header,ALT19659.1 |nucleoprotein [Ebola virus]
ALT19661,326,non_vp35_header,ALT19661.1 |matrix protein VP40 [Ebola virus]
ALT19662,298,non_vp35_header,ALT19662.1 |super small secreted glycoprotein SsGP [Ebola virus]
ALT19663,364,non_vp35_header,ALT19663.1 |small secreted glycoprotein sGP [Ebola virus]
ALT19664,676,non_vp35_header,ALT19664.1 |envelope glycoprotein [Ebola virus]
ALT19665,288,non_vp35_header,ALT19665.1 |minor nucleoprotein VP30 [Ebola virus]
ALT19666,251,non_vp35_header,ALT19666.1 |membrane-associated protein VP24 [Ebola virus]
ALT19667,2212,non_vp35_header,ALT19667.1 |RNA-directed RNA polymerase L [Ebola virus]
ALT19668,739,non_vp35_header,ALT19668.1 |nucleoprotein [Ebola virus]
ALT19670,326,non_vp35_header,ALT19670.1 |matrix protein VP40 [Ebola virus]
ALT19671,298,non_vp35_header,ALT19671.1 |super small secreted glycoprotein SsGP [Ebola virus]
ALT19672,364,non_vp35_header,ALT19672.1 |small secreted glycoprotein sGP [Ebola virus]
ALT19673,676,non_vp35_header,ALT19673.1 |envelope glycoprotein [Ebola virus]
ALT19674,288,non_vp35_header,ALT19674.1 |minor nucleoprotein VP30 [Ebola virus]
ALT19675,251,non_vp35_header,ALT19675.1 |membrane-associated protein VP24 [Ebola virus]
ALT19676,2212,non_vp35_header,ALT19676.1 |RNA-directed RNA polymerase L [Ebola virus]
ALT19677,739,non_vp35_header,ALT19677.1 |nucleoprotein [Ebola virus]
ALT19679,326,non_vp35_header,ALT19679.1 |matrix protein VP40 [Ebola virus]
ALT19680,298,non_vp35_header,ALT19680.1 |super small secreted glycoprotein SsGP [Ebola virus]
ALT19681,364,non_vp35_header,ALT19681.1 |small secreted glycoprotein sGP [Ebola virus]
ALT19682,676,non_vp35_header,ALT19682.1 |envelope glycoprotein [Ebola virus]
ALT19683,288,non_vp35_header,ALT19683.1 |minor nucleoprotein VP30 [Ebola virus]
ALT19684,251,non_vp35_header,ALT19684.1 |membrane-associated protein VP24 [Ebola virus]
ALT19685,2212,non_vp35_header,ALT19685.1 |RNA-directed RNA polymerase L [Ebola virus]
ALT19686,739,non_vp35_header,ALT19686.1 |nucleoprotein [Ebola virus]
ALT19688,326,non_vp35_header,ALT19688.1 |matrix protein VP40 [Ebola virus]
ALT19689,298,non_vp35_header,ALT19689.1 |super small secreted glycoprotein SsGP [Ebola virus]
ALT19690,364,non_vp35_header,ALT19690.1 |small secreted glycoprotein sGP [Ebola virus]
ALT19691,676,non_vp35_header,ALT19691.1 |envelope glycoprotein [Ebola virus]
ALT19692,288,non_vp35_header,ALT19692.1 |minor nucleoprotein VP30 [Ebola virus]
ALT19693,251,non_vp35_header,ALT19693.1 |membrane-associated protein VP24 [Ebola virus]
ALT19694,2212,non_vp35_header,ALT19694.1 |RNA-directed RNA polymerase L [Ebola virus]
ALT19695,739,non_vp35_header,ALT19695.1 |nucleoprotein [Ebola virus]
ALT19697,326,non_vp35_header,ALT19697.1 |matrix protein VP40 [Ebola virus]
ALT19698,298,non_vp35_header,ALT19698.1 |super small secreted glycoprotein SsGP [Ebola virus]
ALT19699,364,non_vp35_header,ALT19699.1 |small secreted glycoprotein sGP [Ebola virus]
ALT19700,676,non_vp35_header,ALT19700.1 |envelope glycoprotein [Ebola virus]
ALT19701,288,non_vp35_header,ALT19701.1 |minor nucleoprotein VP30 [Ebola virus]
ALT19702,251,non_vp35_header,ALT19702.1 |membrane-associated protein VP24 [Ebola virus]
ALT19703,2212,non_vp35_header,ALT19703.1 |RNA-directed RNA polymerase L [Ebola virus]
ALT19704,739,non_vp35_header,ALT19704.1 |nucleoprotein [Ebola virus]
ALT19706,326,non_vp35_header,ALT19706.1 |matrix protein VP40 [Ebola virus]
ALT19707,298,non_vp35_header,ALT19707.1 |super small secreted glycoprotein SsGP [Ebola virus]
ALT19708,364,non_vp35_header,ALT19708.1 |small secreted glycoprotein sGP [Ebola virus]
ALT19709,676,non_vp35_header,ALT19709.1 |envelope glycoprotein [Ebola virus]
ALT19710,288,non_vp35_header,ALT19710.1 |minor nucleoprotein VP30 [Ebola virus]
ALT19711,251,non_vp35_header,ALT19711.1 |membrane-associated protein VP24 [Ebola virus]
ALT19712,2212,non_vp35_header,ALT19712.1 |RNA-directed RNA polymerase L [Ebola virus]
ALT19713,739,non_vp35_header,ALT19713.1 |nucleoprotein [Ebola virus]
ALT19715,326,non_vp35_header,ALT19715.1 |matrix protein VP40 [Ebola virus]
ALT19716,298,non_vp35_header,ALT19716.1 |super small secreted glycoprotein SsGP [Ebola virus]
ALT19717,364,non_vp35_header,ALT19717.1 |small secreted glycoprotein sGP [Ebola virus]
ALT19718,676,non_vp35_header,ALT19718.1 |envelope glycoprotein [Ebola virus]
ALT19719,288,non_vp35_header,ALT19719.1 |minor nucleoprotein VP30 [Ebola virus]
ALT19720,251,non_vp35_header,ALT19720.1 |membrane-associated protein VP24 [Ebola virus]
ALT19721,2212,non_vp35_header,ALT19721.1 |RNA-directed RNA polymerase L [Ebola virus]
ALT19722,739,non_vp35_header,ALT19722.1 |nucleoprotein [Ebola virus]
ALT19724,326,non_vp35_header,ALT19724.1 |matrix protein VP40 [Ebola virus]
ALT19725,298,non_vp35_header,ALT19725.1 |super small secreted glycoprotein SsGP [Ebola virus]
ALT19726,364,non_vp35_header,ALT19726.1 |small secreted glycoprotein sGP [Ebola virus]
ALT19727,676,non_vp35_header,ALT19727.1 |envelope glycoprotein [Ebola virus]
ALT19728,288,non_vp35_header,ALT19728.1 |minor nucleoprotein VP30 [Ebola virus]
ALT19729,251,non_vp35_header,ALT19729.1 |membrane-associated protein VP24 [Ebola virus]
ALT19730,2212,non_vp35_header,ALT19730.1 |RNA-directed RNA polymerase L [Ebola virus]
ALT19731,739,non_vp35_header,ALT19731.1 |nucleoprotein [Ebola virus]
ALT19733,326,non_vp35_header,ALT19733.1 |matrix protein VP40 [Ebola virus]
ALT19734,298,non_vp35_header,ALT19734.1 |super small secreted glycoprotein SsGP [Ebola virus]
ALT19735,364,non_vp35_header,ALT19735.1 |small secreted glycoprotein sGP [Ebola virus]
ALT19736,676,non_vp35_header,ALT19736.1 |envelope glycoprotein [Ebola virus]
ALT19737,288,non_vp35_header,ALT19737.1 |minor nucleoprotein VP30 [Ebola virus]
ALT19738,251,non_vp35_header,ALT19738.1 |membrane-associated protein VP24 [Ebola virus]
ALT19739,2212,non_vp35_header,ALT19739.1 |RNA-directed RNA polymerase L [Ebola virus]
ALT19740,739,non_vp35_header,ALT19740.1 |nucleoprotein [Ebola virus]
ALT19742,326,non_vp35_header,ALT19742.1 |matrix protein VP40 [Ebola virus]
ALT19743,298,non_vp35_header,ALT19743.1 |super small secreted glycoprotein SsGP [Ebola virus]
ALT19744,364,non_vp35_header,ALT19744.1 |small secreted glycoprotein sGP [Ebola virus]
ALT19745,676,non_vp35_header,ALT19745.1 |envelope glycoprotein [Ebola virus]
ALT19746,288,non_vp35_header,ALT19746.1 |minor nucleoprotein VP30 [Ebola virus]
ALT19747,251,non_vp35_header,ALT19747.1 |membrane-associated protein VP24 [Ebola virus]
ALT19748,2212,non_vp35_header,ALT19748.1 |RNA-directed RNA polymerase L [Ebola virus]
ALT19749,739,non_vp35_header,ALT19749.1 |nucleoprotein [Ebola virus]
ALT19751,326,non_vp35_header,ALT19751.1 |matrix protein VP40 [Ebola virus]
ALT19752,298,non_vp35_header,ALT19752.1 |super small secreted glycoprotein SsGP [Ebola virus]
ALT19753,364,non_vp35_header,ALT19753.1 |small secreted glycoprotein sGP [Ebola virus]
ALT19754,676,non_vp35_header,ALT19754.1 |envelope glycoprotein [Ebola virus]
ALT19755,288,non_vp35_header,ALT19755.1 |minor nucleoprotein VP30 [Ebola virus]
ALT19756,251,non_vp35_header,ALT19756.1 |membrane-associated protein VP24 [Ebola virus]
ALT19757,2212,non_vp35_header,ALT19757.1 |RNA-directed RNA polymerase L [Ebola virus]
AKB09542,739,non_vp35_header,AKB09542.1 |nucleoprotein [Ebola virus]
AKB09544,326,non_vp35_header,AKB09544.1 |matrix protein VP40 [Ebola virus]
AKB09545,298,non_vp35_header,AKB09545.1 |super small secreted glycoprotein SsGP [Ebola virus]
AKB09546,364,non_vp35_header,AKB09546.1 |small secreted glycoprotein sGP [Ebola virus]
AKB09547,676,non_vp35_header,AKB09547.1 |envelope glycoprotein [Ebola virus]
AKB09548,288,non_vp35_header,AKB09548.1 |minor nucleoprotein VP30 [Ebola virus]
AKB09549,251,non_vp35_header,AKB09549.1 |membrane-associated protein VP24 [Ebola virus]
AKB09550,2212,non_vp35_header,AKB09550.1 |RNA-directed RNA polymerase L [Ebola virus]
AKB09551,739,non_vp35_header,AKB09551.1 |nucleoprotein [Ebola virus]
AKB09553,326,non_vp35_header,AKB09553.1 |matrix protein VP40 [Ebola virus]
AKB09554,298,non_vp35_header,AKB09554.1 |super small secreted glycoprotein SsGP [Ebola virus]
AKB09555,364,non_vp35_header,AKB09555.1 |small secreted glycoprotein sGP [Ebola virus]
AKB09556,676,non_vp35_header,AKB09556.1 |envelope glycoprotein [Ebola virus]
AKB09557,288,non_vp35_header,AKB09557.1 |minor nucleoprotein VP30 [Ebola virus]
AKB09558,251,non_vp35_header,AKB09558.1 |membrane-associated protein VP24 [Ebola virus]
AKB09559,2212,non_vp35_header,AKB09559.1 |RNA-directed RNA polymerase L [Ebola virus]
P0C773,298,non_vp35_header,P0C773.1 |RecName: Full=Super small secreted glycoprotein; Short=SsGP; Flags: Precursor
Q9YMG2,298,non_vp35_header,Q9YMG2.2 |RecName: Full=Super small secreted glycoprotein; Short=SsGP; Flags: Precursor
Q2PDK5,326,non_vp35_header,Q2PDK5.1 |RecName: Full=Matrix protein VP40; AltName: Full=Ebola VP40; Short=eVP40; AltName: Full=Membrane-associated protein VP40
Q6V1Q2,2212,non_vp35_header,Q6V1Q2.1 |RecName: Full=RNA-directed RNA polymerase L; Short=Protein L; AltName: Full=Large structural protein; AltName: Full=Replicase; AltName: Full=Transcriptase; Includes: RecName: Full=RNA-directed RNA polymerase; Includes: RecName: Full=GTP phosphohydrolase; Includes: RecName: Full=GDP polyribonucleotidyltransferase; AltName: Full=PRNTase; Includes: RecName: Full=mRNA cap methyltransferase; AltName: Full=mRNA (guanine-N(7)-)-methyltransferase; Short=G-N7-MTase; AltName: Full=mRNA (nucleoside-2'-O-)-methyltransferase; Short=N1-2'-O-MTase
Q6V1Q3,251,non_vp35_header,Q6V1Q3.1 |RecName: Full=Membrane-associated protein VP24; AltName: Full=Ebola VP24; Short=eVP24
Q77DJ5,288,non_vp35_header,Q77DJ5.1 |RecName: Full=Transcriptional activator VP30; AltName: Full=EbolaVP30; Short=eVP30; AltName: Full=Minor nucleoprotein VP30
Q77DJ6,326,non_vp35_header,Q77DJ6.1 |RecName: Full=Matrix protein VP40; AltName: Full=Ebola VP40; Short=eVP40; AltName: Full=Membrane-associated protein VP40
CAC79598,326,non_vp35_header,CAC79598.1 |VP40 protein [Ebola virus - Gabon (1994-1997)]
P60170,364,non_vp35_header,P60170.1 |RecName: Full=Pre-small/secreted glycoprotein; Short=pre-sGP; Contains: RecName: Full=Small/secreted glycoprotein; Short=sGP; Contains: RecName: Full=Delta-peptide; Flags: Precursor
P60171,364,non_vp35_header,P60171.1 |RecName: Full=Pre-small/secreted glycoprotein; Short=pre-sGP; Contains: RecName: Full=Small/secreted glycoprotein; Short=sGP; Contains: RecName: Full=Delta-peptide; Flags: Precursor
O11458,364,non_vp35_header,O11458.1 |RecName: Full=Pre-small/secreted glycoprotein; Short=pre-sGP; Contains: RecName: Full=Small/secreted glycoprotein; Short=sGP; Contains: RecName: Full=Delta-peptide; Flags: Precursor
P87670,364,non_vp35_header,P87670.1 |RecName: Full=Pre-small/secreted glycoprotein; Short=pre-sGP; Contains: RecName: Full=Small/secreted glycoprotein; Short=sGP; Contains: RecName: Full=Delta-peptide; Flags: Precursor
O11457,676,non_vp35_header,"O11457.1 |RecName: Full=Envelope glycoprotein; AltName: Full=GP1,2; Short=GP; Contains: RecName: Full=GP1; Contains: RecName: Full=GP2; Contains: RecName: Full=Shed GP; AltName: Full=GP1,2-delta; Flags: Precursor"
O11459,251,non_vp35_header,O11459.1 |RecName: Full=Membrane-associated protein VP24; AltName: Full=Ebola VP24; Short=eVP24
O72142,739,non_vp35_header,O72142.1 |RecName: Full=Nucleoprotein; AltName: Full=Ebola NP; Short=eNP; AltName: Full=Nucleocapsid protein; Short=Protein N
P87666,676,non_vp35_header,"P87666.1 |RecName: Full=Envelope glycoprotein; AltName: Full=GP1,2; Short=GP; Contains: RecName: Full=GP1; Contains: RecName: Full=GP2; Contains: RecName: Full=Shed GP; AltName: Full=GP1,2-delta; Flags: Precursor"
P87671,676,non_vp35_header,"P87671.1 |RecName: Full=Envelope glycoprotein; AltName: Full=GP1,2; Short=GP; Contains: RecName: Full=GP1; Contains: RecName: Full=GP2; Contains: RecName: Full=Shed GP; AltName: Full=GP1,2-delta; Flags: Precursor"
Q9QCE9,739,non_vp35_header,Q9QCE9.1 |RecName: Full=Nucleoprotein; AltName: Full=Ebola NP; Short=eNP; AltName: Full=Nucleocapsid protein; Short=Protein N
AAD14583,326,non_vp35_header,"AAD14583.1 |matrix protein [Ebola virus - Mayinga, Zaire, 1976]"
AAD14584,364,non_vp35_header,"AAD14584.1 |sGP [Ebola virus - Mayinga, Zaire, 1976]"
AAD14585,676,non_vp35_header,"AAD14585.1 |virion spike glycoprotein precursor [Ebola virus - Mayinga, Zaire, 1976]"
AAD14586,297,non_vp35_header,"AAD14586.1 |ssGP [Ebola virus - Mayinga, Zaire, 1976]"
AAD14587,288,non_vp35_header,"AAD14587.1 |polymerase complex protein [Ebola virus - Mayinga, Zaire, 1976]"
AAD14588,251,non_vp35_header,"AAD14588.1 |VP24 [Ebola virus - Mayinga, Zaire, 1976]"
AAD14589,2212,non_vp35_header,"AAD14589.1 |polymerase [Ebola virus - Mayinga, Zaire, 1976]"
AAD14590,739,non_vp35_header,"AAD14590.1 |nucleoprotein [Ebola virus - Mayinga, Zaire, 1976]"
Q05128,326,non_vp35_header,Q05128.1 |RecName: Full=Matrix protein VP40; AltName: Full=Ebola VP40; Short=eVP40; AltName: Full=Membrane-associated protein VP40
Q05318,2212,non_vp35_header,Q05318.2 |RecName: Full=RNA-directed RNA polymerase L; Short=Protein L; AltName: Full=Large structural protein; AltName: Full=Replicase; AltName: Full=Transcriptase; Includes: RecName: Full=RNA-directed RNA polymerase; Includes: RecName: Full=GTP phosphohydrolase; Includes: RecName: Full=GDP polyribonucleotidyltransferase; AltName: Full=PRNTase; Includes: RecName: Full=mRNA cap methyltransferase; AltName: Full=mRNA (guanine-N(7)-)-methyltransferase; Short=G-N7-MTase; AltName: Full=mRNA (nucleoside-2'-O-)-methyltransferase; Short=N1-2'-O-MTase
Q05320,676,non_vp35_header,"Q05320.1 |RecName: Full=Envelope glycoprotein; AltName: Full=GP1,2; Short=GP; Contains: RecName: Full=Shed GP; AltName: Full=GP1,2-delta; Contains: RecName: Full=GP1; Contains: RecName: Full=GP2; Flags: Precursor"
Q05322,251,non_vp35_header,Q05322.2 |RecName: Full=Membrane-associated protein VP24; AltName: Full=Ebola VP24; Short=eVP24
Q05323,288,non_vp35_header,Q05323.2 |RecName: Full=Transcriptional activator VP30; AltName: Full=Ebola VP30; Short=eVP30; AltName: Full=Minor nucleoprotein VP30
2102210A,739,non_vp35_header,2102210A |major nucleoprotein
2102210B,351,non_vp35_header,2102210B |ORF
2102210C,322,non_vp35_header,2102210C |ORF
P18272,739,non_vp35_header,P18272.2 |RecName: Full=Nucleoprotein; AltName: Full=Ebola NP; Short=eNP; AltName: Full=Nucleocapsid protein; Short=Protein N
